ショップ名,店舗コード,URL
楽天モバイル 渋谷公園通り店,0111,https://network.mobile.rakuten.co.jp/shop/saikyo-plan-reception/?shop_id=0111
楽天モバイル 二子玉川店,0131,https://network.mobile.rakuten.co.jp/shop/saikyo-plan-reception/?shop_id=0131
楽天モバイル 心斎橋店,0141,https://network.mobile.rakuten.co.jp/shop/saikyo-plan-reception/?shop_id=0141
楽天モバイル 神戸三宮センター街2丁目店,0161,https://network.mobile.rakuten.co.jp/shop/saikyo-plan-reception/?shop_id=0161
楽天モバイル 名古屋栄森の地下街店,0171,https://network.mobile.rakuten.co.jp/shop/saikyo-plan-reception/?shop_id=0171
楽天モバイル 銀座店,0181,https://network.mobile.rakuten.co.jp/shop/saikyo-plan-reception/?shop_id=0181
ジョーシン 大日イオンモール店,0501,https://network.mobile.rakuten.co.jp/shop/saikyo-plan-reception/?shop_id=0501
ジョーシン 四條畷イオンモール店,0511,https://network.mobile.rakuten.co.jp/shop/saikyo-plan-reception/?shop_id=0511
ジョーシン 浦和美園イオンモール店,0521,https://network.mobile.rakuten.co.jp/shop/saikyo-plan-reception/?shop_id=0521
ジョーシン 羽生イオンモール店,0531,https://network.mobile.rakuten.co.jp/shop/saikyo-plan-reception/?shop_id=0531
ジョーシン 桂川イオンモール店,0541,https://network.mobile.rakuten.co.jp/shop/saikyo-plan-reception/?shop_id=0541
ジョーシン 日本橋店,0571,https://network.mobile.rakuten.co.jp/shop/saikyo-plan-reception/?shop_id=0571
ジョーシン 郡山イオンモール店,0591,https://network.mobile.rakuten.co.jp/shop/saikyo-plan-reception/?shop_id=0591
ジョーシン 登美ヶ丘イオンモール店,0601,https://network.mobile.rakuten.co.jp/shop/saikyo-plan-reception/?shop_id=0601
ジョーシン 西宮ガーデンズ店,0611,https://network.mobile.rakuten.co.jp/shop/saikyo-plan-reception/?shop_id=0611
ジョーシン 大高イオンモール店,0621,https://network.mobile.rakuten.co.jp/shop/saikyo-plan-reception/?shop_id=0621
エディオン 豊田本店,0701,https://network.mobile.rakuten.co.jp/shop/saikyo-plan-reception/?shop_id=0701
エディオン 広島本店,0711,https://network.mobile.rakuten.co.jp/shop/saikyo-plan-reception/?shop_id=0711
エディオン 安城店,0721,https://network.mobile.rakuten.co.jp/shop/saikyo-plan-reception/?shop_id=0721
エディオン 岡崎本店,0731,https://network.mobile.rakuten.co.jp/shop/saikyo-plan-reception/?shop_id=0731
エディオン 一宮本店,0741,https://network.mobile.rakuten.co.jp/shop/saikyo-plan-reception/?shop_id=0741
エディオン 伊丹店,0751,https://network.mobile.rakuten.co.jp/shop/saikyo-plan-reception/?shop_id=0751
エディオン サントムーン柿田川店,0761,https://network.mobile.rakuten.co.jp/shop/saikyo-plan-reception/?shop_id=0761
エディオン 中環東大阪店,0771,https://network.mobile.rakuten.co.jp/shop/saikyo-plan-reception/?shop_id=0771
エディオン 倉敷本店,0781,https://network.mobile.rakuten.co.jp/shop/saikyo-plan-reception/?shop_id=0781
ジョーシン 伏見店,1171,https://network.mobile.rakuten.co.jp/shop/saikyo-plan-reception/?shop_id=1171
ジョーシン 泉南イオンモール店,1181,https://network.mobile.rakuten.co.jp/shop/saikyo-plan-reception/?shop_id=1181
ジョーシン 富山本店,1191,https://network.mobile.rakuten.co.jp/shop/saikyo-plan-reception/?shop_id=1191
エディオン 松山本店,1211,https://network.mobile.rakuten.co.jp/shop/saikyo-plan-reception/?shop_id=1211
ケーズデンキ 水戸本店,1241,https://network.mobile.rakuten.co.jp/shop/saikyo-plan-reception/?shop_id=1241
ケーズデンキ つくば研究学園店,1251,https://network.mobile.rakuten.co.jp/shop/saikyo-plan-reception/?shop_id=1251
ケーズデンキ 東京ベイサイド新浦安店,1261,https://network.mobile.rakuten.co.jp/shop/saikyo-plan-reception/?shop_id=1261
ケーズデンキ 仙台北店,1331,https://network.mobile.rakuten.co.jp/shop/saikyo-plan-reception/?shop_id=1331
ケーズデンキ 八戸本店,1341,https://network.mobile.rakuten.co.jp/shop/saikyo-plan-reception/?shop_id=1341
ケーズデンキ 札幌麻生店,1351,https://network.mobile.rakuten.co.jp/shop/saikyo-plan-reception/?shop_id=1351
ケーズデンキ 月寒店,1361,https://network.mobile.rakuten.co.jp/shop/saikyo-plan-reception/?shop_id=1361
ケーズデンキ 長野本店,1381,https://network.mobile.rakuten.co.jp/shop/saikyo-plan-reception/?shop_id=1381
ケーズデンキ インターパーク宇都宮店,1391,https://network.mobile.rakuten.co.jp/shop/saikyo-plan-reception/?shop_id=1391
ケーズデンキ ピオニウォーク東松山店,1401,https://network.mobile.rakuten.co.jp/shop/saikyo-plan-reception/?shop_id=1401
エディオン 那覇メインプレイス店,1461,https://network.mobile.rakuten.co.jp/shop/saikyo-plan-reception/?shop_id=1461
100満ボルト 金沢本店,1471,https://network.mobile.rakuten.co.jp/shop/saikyo-plan-reception/?shop_id=1471
ジョーシン 姫路大津イオンモール店,1561,https://network.mobile.rakuten.co.jp/shop/saikyo-plan-reception/?shop_id=1561
ジョーシン 明和イオンモール店,1571,https://network.mobile.rakuten.co.jp/shop/saikyo-plan-reception/?shop_id=1571
ジョーシン 福井本店,1581,https://network.mobile.rakuten.co.jp/shop/saikyo-plan-reception/?shop_id=1581
楽天モバイル ゆめタウン広島店,1601,https://network.mobile.rakuten.co.jp/shop/saikyo-plan-reception/?shop_id=1601
ジョーシン 亀貝店,1611,https://network.mobile.rakuten.co.jp/shop/saikyo-plan-reception/?shop_id=1611
ジョーシン アリオ川口店,1651,https://network.mobile.rakuten.co.jp/shop/saikyo-plan-reception/?shop_id=1651
楽天モバイル 新静岡駅前店,1671,https://network.mobile.rakuten.co.jp/shop/saikyo-plan-reception/?shop_id=1671
ジョーシン 津城山イオンタウン店,1681,https://network.mobile.rakuten.co.jp/shop/saikyo-plan-reception/?shop_id=1681
ケーズデンキ ガーデンシティ垂水店,1761,https://network.mobile.rakuten.co.jp/shop/saikyo-plan-reception/?shop_id=1761
ケーズデンキ 浜松市野店,1771,https://network.mobile.rakuten.co.jp/shop/saikyo-plan-reception/?shop_id=1771
ケーズデンキ 甲府店,1781,https://network.mobile.rakuten.co.jp/shop/saikyo-plan-reception/?shop_id=1781
ケーズデンキ 鹿児島本店,1811,https://network.mobile.rakuten.co.jp/shop/saikyo-plan-reception/?shop_id=1811
楽天モバイル 姫路グランフェスタ店,1851,https://network.mobile.rakuten.co.jp/shop/saikyo-plan-reception/?shop_id=1851
ケーズデンキ 高松本店,1861,https://network.mobile.rakuten.co.jp/shop/saikyo-plan-reception/?shop_id=1861
楽天モバイル 鶴舞イオンタウン千種店,1871,https://network.mobile.rakuten.co.jp/shop/saikyo-plan-reception/?shop_id=1871
ビックカメラ 札幌店,1921,https://network.mobile.rakuten.co.jp/shop/saikyo-plan-reception/?shop_id=1921
楽天モバイル 秋田イオンモール秋田店,1931,https://network.mobile.rakuten.co.jp/shop/saikyo-plan-reception/?shop_id=1931
楽天モバイル 調布駅前店,1951,https://network.mobile.rakuten.co.jp/shop/saikyo-plan-reception/?shop_id=1951
楽天モバイル センター南サウスウッド,1961,https://network.mobile.rakuten.co.jp/shop/saikyo-plan-reception/?shop_id=1961
楽天モバイル モレラ岐阜店,1971,https://network.mobile.rakuten.co.jp/shop/saikyo-plan-reception/?shop_id=1971
楽天モバイル 大泉学園店,2011,https://network.mobile.rakuten.co.jp/shop/saikyo-plan-reception/?shop_id=2011
楽天モバイル ららぽーと湘南平塚店,2021,https://network.mobile.rakuten.co.jp/shop/saikyo-plan-reception/?shop_id=2021
楽天モバイル ららぽーと海老名店,2041,https://network.mobile.rakuten.co.jp/shop/saikyo-plan-reception/?shop_id=2041
楽天モバイル イオンモール新小松店,2051,https://network.mobile.rakuten.co.jp/shop/saikyo-plan-reception/?shop_id=2051
楽天モバイル 吉祥寺サンロード店,2071,https://network.mobile.rakuten.co.jp/shop/saikyo-plan-reception/?shop_id=2071
楽天モバイル ジョーシンギア 各務原イオンモール店,2091,https://network.mobile.rakuten.co.jp/shop/saikyo-plan-reception/?shop_id=2091
ケーズデンキ 山形北本店,2111,https://network.mobile.rakuten.co.jp/shop/saikyo-plan-reception/?shop_id=2111
ケーズデンキ 会津若松本店,2121,https://network.mobile.rakuten.co.jp/shop/saikyo-plan-reception/?shop_id=2121
楽天モバイル 錦糸町テルミナ店,2131,https://network.mobile.rakuten.co.jp/shop/saikyo-plan-reception/?shop_id=2131
ケーズデンキ 千葉ニュータウン店,2141,https://network.mobile.rakuten.co.jp/shop/saikyo-plan-reception/?shop_id=2141
楽天モバイル 梅田阪急三番街店,2171,https://network.mobile.rakuten.co.jp/shop/saikyo-plan-reception/?shop_id=2171
楽天モバイル 千里中央イオンSENRITO店,2181,https://network.mobile.rakuten.co.jp/shop/saikyo-plan-reception/?shop_id=2181
楽天モバイル グランツリー武蔵小杉店,2211,https://network.mobile.rakuten.co.jp/shop/saikyo-plan-reception/?shop_id=2211
楽天モバイル 中野サンモール店,2221,https://network.mobile.rakuten.co.jp/shop/saikyo-plan-reception/?shop_id=2221
エディオン 蔦屋家電,2231,https://network.mobile.rakuten.co.jp/shop/saikyo-plan-reception/?shop_id=2231
エディオン 東広島本店,2271,https://network.mobile.rakuten.co.jp/shop/saikyo-plan-reception/?shop_id=2271
エディオン 福山本店,2281,https://network.mobile.rakuten.co.jp/shop/saikyo-plan-reception/?shop_id=2281
ケーズデンキ ふじみ野店,2321,https://network.mobile.rakuten.co.jp/shop/saikyo-plan-reception/?shop_id=2321
エディオン 宮崎本店,2331,https://network.mobile.rakuten.co.jp/shop/saikyo-plan-reception/?shop_id=2331
ジョーシン 外環八尾,2341,https://network.mobile.rakuten.co.jp/shop/saikyo-plan-reception/?shop_id=2341
エディオン 長崎本店,2351,https://network.mobile.rakuten.co.jp/shop/saikyo-plan-reception/?shop_id=2351
ビックカメラ AKIBA,2411,https://network.mobile.rakuten.co.jp/shop/saikyo-plan-reception/?shop_id=2411
ケーズデンキ 前橋川曲店,2421,https://network.mobile.rakuten.co.jp/shop/saikyo-plan-reception/?shop_id=2421
ジョーシン 東員イオンモール店,2431,https://network.mobile.rakuten.co.jp/shop/saikyo-plan-reception/?shop_id=2431
ジョーシン 和歌山北店,2441,https://network.mobile.rakuten.co.jp/shop/saikyo-plan-reception/?shop_id=2441
ジョーシン 中山寺店,2461,https://network.mobile.rakuten.co.jp/shop/saikyo-plan-reception/?shop_id=2461
ジョーシン 上越店,2471,https://network.mobile.rakuten.co.jp/shop/saikyo-plan-reception/?shop_id=2471
ケーズデンキ 仙台太白店,2501,https://network.mobile.rakuten.co.jp/shop/saikyo-plan-reception/?shop_id=2501
ケーズデンキ 奥州水沢店,2521,https://network.mobile.rakuten.co.jp/shop/saikyo-plan-reception/?shop_id=2521
楽天モバイル くずはモール店,2531,https://network.mobile.rakuten.co.jp/shop/saikyo-plan-reception/?shop_id=2531
ジョーシン 相模原小山店,2541,https://network.mobile.rakuten.co.jp/shop/saikyo-plan-reception/?shop_id=2541
楽天モバイル イオンモール岡山店,2551,https://network.mobile.rakuten.co.jp/shop/saikyo-plan-reception/?shop_id=2551
楽天モバイル 自由が丘店,2591,https://network.mobile.rakuten.co.jp/shop/saikyo-plan-reception/?shop_id=2591
エディオン 豊川店,2611,https://network.mobile.rakuten.co.jp/shop/saikyo-plan-reception/?shop_id=2611
楽天モバイル 西武東戸塚店,2651,https://network.mobile.rakuten.co.jp/shop/saikyo-plan-reception/?shop_id=2651
ジョーシン 神戸南イオンモール店,2661,https://network.mobile.rakuten.co.jp/shop/saikyo-plan-reception/?shop_id=2661
楽天モバイル 新宿サブナード店,2681,https://network.mobile.rakuten.co.jp/shop/saikyo-plan-reception/?shop_id=2681
楽天モバイル イオンモール常滑店,2731,https://network.mobile.rakuten.co.jp/shop/saikyo-plan-reception/?shop_id=2731
楽天モバイル 蒲田店,2751,https://network.mobile.rakuten.co.jp/shop/saikyo-plan-reception/?shop_id=2751
楽天モバイル モラージュ菖蒲店,2781,https://network.mobile.rakuten.co.jp/shop/saikyo-plan-reception/?shop_id=2781
楽天モバイル ニットーモール熊谷店,2791,https://network.mobile.rakuten.co.jp/shop/saikyo-plan-reception/?shop_id=2791
ケーズデンキ 旭川大雪通店,2801,https://network.mobile.rakuten.co.jp/shop/saikyo-plan-reception/?shop_id=2801
ケーズデンキ 鶴ヶ島インター店,2811,https://network.mobile.rakuten.co.jp/shop/saikyo-plan-reception/?shop_id=2811
楽天モバイル 所沢プロペ通り店,2821,https://network.mobile.rakuten.co.jp/shop/saikyo-plan-reception/?shop_id=2821
ジョーシン 富山南店,2831,https://network.mobile.rakuten.co.jp/shop/saikyo-plan-reception/?shop_id=2831
エディオン 山口本店,2861,https://network.mobile.rakuten.co.jp/shop/saikyo-plan-reception/?shop_id=2861
100満ボルト 松江本店,2871,https://network.mobile.rakuten.co.jp/shop/saikyo-plan-reception/?shop_id=2871
ケーズデンキ 高知駅前店,2891,https://network.mobile.rakuten.co.jp/shop/saikyo-plan-reception/?shop_id=2891
ケーズデンキ 川越店,2901,https://network.mobile.rakuten.co.jp/shop/saikyo-plan-reception/?shop_id=2901
ケーズデンキ パークプレイス大分本店,2911,https://network.mobile.rakuten.co.jp/shop/saikyo-plan-reception/?shop_id=2911
ケーズデンキ 府中本店,2921,https://network.mobile.rakuten.co.jp/shop/saikyo-plan-reception/?shop_id=2921
ケーズデンキ 稲城若葉台店,2931,https://network.mobile.rakuten.co.jp/shop/saikyo-plan-reception/?shop_id=2931
ケーズデンキ たまプラーザ店,2941,https://network.mobile.rakuten.co.jp/shop/saikyo-plan-reception/?shop_id=2941
ケーズデンキ シーサイドひたちなか店,2961,https://network.mobile.rakuten.co.jp/shop/saikyo-plan-reception/?shop_id=2961
ケーズデンキ 神栖店,2971,https://network.mobile.rakuten.co.jp/shop/saikyo-plan-reception/?shop_id=2971
エディオン 米子店,2991,https://network.mobile.rakuten.co.jp/shop/saikyo-plan-reception/?shop_id=2991
楽天モバイル 松山大街道店,3031,https://network.mobile.rakuten.co.jp/shop/saikyo-plan-reception/?shop_id=3031
ケーズデンキ 茂原本店,3041,https://network.mobile.rakuten.co.jp/shop/saikyo-plan-reception/?shop_id=3041
ケーズデンキ 青梅店,3051,https://network.mobile.rakuten.co.jp/shop/saikyo-plan-reception/?shop_id=3051
ケーズデンキ 太田店,3071,https://network.mobile.rakuten.co.jp/shop/saikyo-plan-reception/?shop_id=3071
ジョーシン 市川大野店,3081,https://network.mobile.rakuten.co.jp/shop/saikyo-plan-reception/?shop_id=3081
ジョーシン 富田林店,3091,https://network.mobile.rakuten.co.jp/shop/saikyo-plan-reception/?shop_id=3091
ジョーシン 西宮今津店,3101,https://network.mobile.rakuten.co.jp/shop/saikyo-plan-reception/?shop_id=3101
エディオン クロスガーデン富士中央店,3131,https://network.mobile.rakuten.co.jp/shop/saikyo-plan-reception/?shop_id=3131
エディオン メッツ大曽根店,3141,https://network.mobile.rakuten.co.jp/shop/saikyo-plan-reception/?shop_id=3141
エディオン 呉本店,3151,https://network.mobile.rakuten.co.jp/shop/saikyo-plan-reception/?shop_id=3151
楽天モバイル 天王寺あべのキューズモール店,3181,https://network.mobile.rakuten.co.jp/shop/saikyo-plan-reception/?shop_id=3181
エディオン 具志川メインシティ店,3191,https://network.mobile.rakuten.co.jp/shop/saikyo-plan-reception/?shop_id=3191
楽天モバイル 博多駅地下街店,3201,https://network.mobile.rakuten.co.jp/shop/saikyo-plan-reception/?shop_id=3201
ジョーシン 宇治店,3211,https://network.mobile.rakuten.co.jp/shop/saikyo-plan-reception/?shop_id=3211
ジョーシン 燕三条店,3221,https://network.mobile.rakuten.co.jp/shop/saikyo-plan-reception/?shop_id=3221
ジョーシン 斑鳩店,3241,https://network.mobile.rakuten.co.jp/shop/saikyo-plan-reception/?shop_id=3241
ジョーシン 高岡店,3261,https://network.mobile.rakuten.co.jp/shop/saikyo-plan-reception/?shop_id=3261
ケーズデンキ 高槻店,3271,https://network.mobile.rakuten.co.jp/shop/saikyo-plan-reception/?shop_id=3271
ケーズデンキ 弘前本店,3281,https://network.mobile.rakuten.co.jp/shop/saikyo-plan-reception/?shop_id=3281
ケーズデンキ 秋田中央店,3311,https://network.mobile.rakuten.co.jp/shop/saikyo-plan-reception/?shop_id=3311
ケーズデンキ 函館本店,3321,https://network.mobile.rakuten.co.jp/shop/saikyo-plan-reception/?shop_id=3321
ケーズデンキ 近江八幡店,3331,https://network.mobile.rakuten.co.jp/shop/saikyo-plan-reception/?shop_id=3331
エディオン 豊橋店,3341,https://network.mobile.rakuten.co.jp/shop/saikyo-plan-reception/?shop_id=3341
ビックカメラ 藤沢店,3351,https://network.mobile.rakuten.co.jp/shop/saikyo-plan-reception/?shop_id=3351
エディオン 西尾店,3361,https://network.mobile.rakuten.co.jp/shop/saikyo-plan-reception/?shop_id=3361
ケーズデンキ オーツーパーク稲毛店,3371,https://network.mobile.rakuten.co.jp/shop/saikyo-plan-reception/?shop_id=3371
ジョーシン 加古川店,3381,https://network.mobile.rakuten.co.jp/shop/saikyo-plan-reception/?shop_id=3381
ジョーシン 平野うりわり店,3391,https://network.mobile.rakuten.co.jp/shop/saikyo-plan-reception/?shop_id=3391
ジョーシン 伊丹昆陽イオンモール店,3401,https://network.mobile.rakuten.co.jp/shop/saikyo-plan-reception/?shop_id=3401
ケーズデンキ 足立店,3411,https://network.mobile.rakuten.co.jp/shop/saikyo-plan-reception/?shop_id=3411
エディオン 藤枝店,3441,https://network.mobile.rakuten.co.jp/shop/saikyo-plan-reception/?shop_id=3441
エディオン 鹿児島南店,3451,https://network.mobile.rakuten.co.jp/shop/saikyo-plan-reception/?shop_id=3451
エディオン 豊中店,3461,https://network.mobile.rakuten.co.jp/shop/saikyo-plan-reception/?shop_id=3461
ジョーシン 大垣イオンモール店,3471,https://network.mobile.rakuten.co.jp/shop/saikyo-plan-reception/?shop_id=3471
ジョーシン 亀岡店,3481,https://network.mobile.rakuten.co.jp/shop/saikyo-plan-reception/?shop_id=3481
エディオン イオンモール鈴鹿店,3501,https://network.mobile.rakuten.co.jp/shop/saikyo-plan-reception/?shop_id=3501
エディオン ゆめタウン宇部店,3511,https://network.mobile.rakuten.co.jp/shop/saikyo-plan-reception/?shop_id=3511
ケーズデンキ 入間店,3521,https://network.mobile.rakuten.co.jp/shop/saikyo-plan-reception/?shop_id=3521
ケーズデンキ 星川店,3531,https://network.mobile.rakuten.co.jp/shop/saikyo-plan-reception/?shop_id=3531
ケーズデンキ 上尾店,3541,https://network.mobile.rakuten.co.jp/shop/saikyo-plan-reception/?shop_id=3541
エディオン 西宮店,3561,https://network.mobile.rakuten.co.jp/shop/saikyo-plan-reception/?shop_id=3561
ジョーシン 近江今津店,3571,https://network.mobile.rakuten.co.jp/shop/saikyo-plan-reception/?shop_id=3571
エディオン 津山本店,3581,https://network.mobile.rakuten.co.jp/shop/saikyo-plan-reception/?shop_id=3581
コジマ×ビックカメラ 梶ヶ谷店,3591,https://network.mobile.rakuten.co.jp/shop/saikyo-plan-reception/?shop_id=3591
コジマ×ビックカメラ 柏店,3601,https://network.mobile.rakuten.co.jp/shop/saikyo-plan-reception/?shop_id=3601
コジマ×ビックカメラ 新座店,3611,https://network.mobile.rakuten.co.jp/shop/saikyo-plan-reception/?shop_id=3611
ジョーシン 多治見店,3621,https://network.mobile.rakuten.co.jp/shop/saikyo-plan-reception/?shop_id=3621
ビックカメラ 天神2号館,3631,https://network.mobile.rakuten.co.jp/shop/saikyo-plan-reception/?shop_id=3631
エディオン イオン秦野店,3641,https://network.mobile.rakuten.co.jp/shop/saikyo-plan-reception/?shop_id=3641
ビックカメラ ラゾーナ川崎店,3651,https://network.mobile.rakuten.co.jp/shop/saikyo-plan-reception/?shop_id=3651
コジマ×ビックカメラ 静岡店,3661,https://network.mobile.rakuten.co.jp/shop/saikyo-plan-reception/?shop_id=3661
コジマ×ビックカメラ 南砂町SUNAMO店,3671,https://network.mobile.rakuten.co.jp/shop/saikyo-plan-reception/?shop_id=3671
楽天モバイル イオン岡崎南店,3681,https://network.mobile.rakuten.co.jp/shop/saikyo-plan-reception/?shop_id=3681
楽天モバイル 入間店,3691,https://network.mobile.rakuten.co.jp/shop/saikyo-plan-reception/?shop_id=3691
ケーズデンキ 仙台港店,3701,https://network.mobile.rakuten.co.jp/shop/saikyo-plan-reception/?shop_id=3701
ケーズデンキ みどり店,3711,https://network.mobile.rakuten.co.jp/shop/saikyo-plan-reception/?shop_id=3711
ジョーシン 長岡愛宕店,3721,https://network.mobile.rakuten.co.jp/shop/saikyo-plan-reception/?shop_id=3721
ジョーシン 和泉中央店,3741,https://network.mobile.rakuten.co.jp/shop/saikyo-plan-reception/?shop_id=3741
ケーズデンキ 岐阜宇佐店,3751,https://network.mobile.rakuten.co.jp/shop/saikyo-plan-reception/?shop_id=3751
100満ボルト 福井本店,3761,https://network.mobile.rakuten.co.jp/shop/saikyo-plan-reception/?shop_id=3761
エディオン 飯田インター店,3771,https://network.mobile.rakuten.co.jp/shop/saikyo-plan-reception/?shop_id=3771
ジョーシン 木曽川イオンモール店,3811,https://network.mobile.rakuten.co.jp/shop/saikyo-plan-reception/?shop_id=3811
ジョーシン クロスモール豊川店,3821,https://network.mobile.rakuten.co.jp/shop/saikyo-plan-reception/?shop_id=3821
ジョーシン 船橋イオンモール店,3831,https://network.mobile.rakuten.co.jp/shop/saikyo-plan-reception/?shop_id=3831
エディオン 御影店,3841,https://network.mobile.rakuten.co.jp/shop/saikyo-plan-reception/?shop_id=3841
ケーズデンキ 福山駅家店,3851,https://network.mobile.rakuten.co.jp/shop/saikyo-plan-reception/?shop_id=3851
ケーズデンキ 久留米店,3861,https://network.mobile.rakuten.co.jp/shop/saikyo-plan-reception/?shop_id=3861
ジョーシン 新大阪店,3881,https://network.mobile.rakuten.co.jp/shop/saikyo-plan-reception/?shop_id=3881
ジョーシン 東大阪店,3891,https://network.mobile.rakuten.co.jp/shop/saikyo-plan-reception/?shop_id=3891
ジョーシン 東香里店,3901,https://network.mobile.rakuten.co.jp/shop/saikyo-plan-reception/?shop_id=3901
ジョーシン 稲沢店,3911,https://network.mobile.rakuten.co.jp/shop/saikyo-plan-reception/?shop_id=3911
ビックカメラ 浜松店,3931,https://network.mobile.rakuten.co.jp/shop/saikyo-plan-reception/?shop_id=3931
エディオン モザイクモール港北店,3961,https://network.mobile.rakuten.co.jp/shop/saikyo-plan-reception/?shop_id=3961
エディオン 横浜店,3971,https://network.mobile.rakuten.co.jp/shop/saikyo-plan-reception/?shop_id=3971
エディオン 尾張旭店,3981,https://network.mobile.rakuten.co.jp/shop/saikyo-plan-reception/?shop_id=3981
ケーズデンキ 東仙台店,3991,https://network.mobile.rakuten.co.jp/shop/saikyo-plan-reception/?shop_id=3991
ケーズデンキ 大崎古川本店,4001,https://network.mobile.rakuten.co.jp/shop/saikyo-plan-reception/?shop_id=4001
ケーズデンキ 多摩ニュータウン店,4011,https://network.mobile.rakuten.co.jp/shop/saikyo-plan-reception/?shop_id=4011
ケーズデンキ 中津店,4031,https://network.mobile.rakuten.co.jp/shop/saikyo-plan-reception/?shop_id=4031
エディオン 経塚シティ店,4041,https://network.mobile.rakuten.co.jp/shop/saikyo-plan-reception/?shop_id=4041
エディオン ゆめタウン高松店,4051,https://network.mobile.rakuten.co.jp/shop/saikyo-plan-reception/?shop_id=4051
エディオン イオンタウン刈谷店,4061,https://network.mobile.rakuten.co.jp/shop/saikyo-plan-reception/?shop_id=4061
エディオン 高槻宮田店,4071,https://network.mobile.rakuten.co.jp/shop/saikyo-plan-reception/?shop_id=4071
ジョーシン 外環柏原店,4081,https://network.mobile.rakuten.co.jp/shop/saikyo-plan-reception/?shop_id=4081
ジョーシン 名谷ダイエー店,4091,https://network.mobile.rakuten.co.jp/shop/saikyo-plan-reception/?shop_id=4091
ジョーシン 三国ヶ丘店,4101,https://network.mobile.rakuten.co.jp/shop/saikyo-plan-reception/?shop_id=4101
ジョーシン 厚木下荻野店,4111,https://network.mobile.rakuten.co.jp/shop/saikyo-plan-reception/?shop_id=4111
ジョーシン 松戸店,4121,https://network.mobile.rakuten.co.jp/shop/saikyo-plan-reception/?shop_id=4121
ジョーシン アピタ長久手店,4131,https://network.mobile.rakuten.co.jp/shop/saikyo-plan-reception/?shop_id=4131
ケーズデンキ 松山藤原店,4141,https://network.mobile.rakuten.co.jp/shop/saikyo-plan-reception/?shop_id=4141
100満ボルト 札幌清田店,4161,https://network.mobile.rakuten.co.jp/shop/saikyo-plan-reception/?shop_id=4161
エディオン 垂水店,4171,https://network.mobile.rakuten.co.jp/shop/saikyo-plan-reception/?shop_id=4171
エディオン ニッケパークタウン店,4181,https://network.mobile.rakuten.co.jp/shop/saikyo-plan-reception/?shop_id=4181
ケーズデンキ 鹿屋店,4191,https://network.mobile.rakuten.co.jp/shop/saikyo-plan-reception/?shop_id=4191
エディオン 円町店,4201,https://network.mobile.rakuten.co.jp/shop/saikyo-plan-reception/?shop_id=4201
ジョーシン 明石店,4211,https://network.mobile.rakuten.co.jp/shop/saikyo-plan-reception/?shop_id=4211
ケーズデンキ 福島南本店,4221,https://network.mobile.rakuten.co.jp/shop/saikyo-plan-reception/?shop_id=4221
エディオン おしくま店,4231,https://network.mobile.rakuten.co.jp/shop/saikyo-plan-reception/?shop_id=4231
エディオン 東川原店,4241,https://network.mobile.rakuten.co.jp/shop/saikyo-plan-reception/?shop_id=4241
コジマ×ビックカメラ 池上店,4261,https://network.mobile.rakuten.co.jp/shop/saikyo-plan-reception/?shop_id=4261
コジマ×ビックカメラ 葛飾店,4281,https://network.mobile.rakuten.co.jp/shop/saikyo-plan-reception/?shop_id=4281
コジマ×ビックカメラ 江戸川店,4291,https://network.mobile.rakuten.co.jp/shop/saikyo-plan-reception/?shop_id=4291
ケーズデンキ 春日店,4301,https://network.mobile.rakuten.co.jp/shop/saikyo-plan-reception/?shop_id=4301
コジマ×ビックカメラ 志村店,4331,https://network.mobile.rakuten.co.jp/shop/saikyo-plan-reception/?shop_id=4331
ビックカメラ 岡山駅前店,4351,https://network.mobile.rakuten.co.jp/shop/saikyo-plan-reception/?shop_id=4351
ビックカメラ 鹿児島中央駅店,4361,https://network.mobile.rakuten.co.jp/shop/saikyo-plan-reception/?shop_id=4361
エディオン 三島店,4391,https://network.mobile.rakuten.co.jp/shop/saikyo-plan-reception/?shop_id=4391
エディオン イオンモール扶桑店,4401,https://network.mobile.rakuten.co.jp/shop/saikyo-plan-reception/?shop_id=4401
エディオン 西原シティ店,4411,https://network.mobile.rakuten.co.jp/shop/saikyo-plan-reception/?shop_id=4411
ケーズデンキ 岡山大安寺店,4421,https://network.mobile.rakuten.co.jp/shop/saikyo-plan-reception/?shop_id=4421
ケーズデンキ 石巻本店,4431,https://network.mobile.rakuten.co.jp/shop/saikyo-plan-reception/?shop_id=4431
ケーズデンキ 女池インター本店,4441,https://network.mobile.rakuten.co.jp/shop/saikyo-plan-reception/?shop_id=4441
ケーズデンキ 金沢本店,4451,https://network.mobile.rakuten.co.jp/shop/saikyo-plan-reception/?shop_id=4451
ケーズデンキ 青森本店,4461,https://network.mobile.rakuten.co.jp/shop/saikyo-plan-reception/?shop_id=4461
エディオン 八幡西店,4471,https://network.mobile.rakuten.co.jp/shop/saikyo-plan-reception/?shop_id=4471
エディオン 可児今渡店,4481,https://network.mobile.rakuten.co.jp/shop/saikyo-plan-reception/?shop_id=4481
エディオン 八尾南店,4491,https://network.mobile.rakuten.co.jp/shop/saikyo-plan-reception/?shop_id=4491
エディオン サンリブシティくまなん店,4501,https://network.mobile.rakuten.co.jp/shop/saikyo-plan-reception/?shop_id=4501
エディオン 大津一里山店,4511,https://network.mobile.rakuten.co.jp/shop/saikyo-plan-reception/?shop_id=4511
ジョーシン 豊中インター店,4531,https://network.mobile.rakuten.co.jp/shop/saikyo-plan-reception/?shop_id=4531
楽天モバイル 伊勢佐木モール店,4581,https://network.mobile.rakuten.co.jp/shop/saikyo-plan-reception/?shop_id=4581
楽天モバイル ららぽーと富士見店,4591,https://network.mobile.rakuten.co.jp/shop/saikyo-plan-reception/?shop_id=4591
ケーズデンキ 美濃加茂店,4631,https://network.mobile.rakuten.co.jp/shop/saikyo-plan-reception/?shop_id=4631
ケーズデンキ 浜松入野店,4641,https://network.mobile.rakuten.co.jp/shop/saikyo-plan-reception/?shop_id=4641
ビックカメラ 新潟店,4651,https://network.mobile.rakuten.co.jp/shop/saikyo-plan-reception/?shop_id=4651
ケーズデンキ 酒田店,4671,https://network.mobile.rakuten.co.jp/shop/saikyo-plan-reception/?shop_id=4671
ビックカメラ 名古屋駅西店,4681,https://network.mobile.rakuten.co.jp/shop/saikyo-plan-reception/?shop_id=4681
ビックカメラ 相模大野駅店,4691,https://network.mobile.rakuten.co.jp/shop/saikyo-plan-reception/?shop_id=4691
コジマ×ビックカメラ イオンモール広島府中店,4711,https://network.mobile.rakuten.co.jp/shop/saikyo-plan-reception/?shop_id=4711
エディオン 千音寺アズパーク店,4731,https://network.mobile.rakuten.co.jp/shop/saikyo-plan-reception/?shop_id=4731
エディオン 高辻シャンピアポート店,4741,https://network.mobile.rakuten.co.jp/shop/saikyo-plan-reception/?shop_id=4741
ジョーシン 一ツ木店,4751,https://network.mobile.rakuten.co.jp/shop/saikyo-plan-reception/?shop_id=4751
ジョーシン 豊岡店,4761,https://network.mobile.rakuten.co.jp/shop/saikyo-plan-reception/?shop_id=4761
楽天モバイル イオンモール日の出店,4771,https://network.mobile.rakuten.co.jp/shop/saikyo-plan-reception/?shop_id=4771
ジョーシン 神戸北町店,4781,https://network.mobile.rakuten.co.jp/shop/saikyo-plan-reception/?shop_id=4781
楽天モバイル つかしん店,4811,https://network.mobile.rakuten.co.jp/shop/saikyo-plan-reception/?shop_id=4811
エディオン 天白店,4881,https://network.mobile.rakuten.co.jp/shop/saikyo-plan-reception/?shop_id=4881
エディオン もりのみや店,4891,https://network.mobile.rakuten.co.jp/shop/saikyo-plan-reception/?shop_id=4891
エディオン 佐賀本店,4901,https://network.mobile.rakuten.co.jp/shop/saikyo-plan-reception/?shop_id=4901
エディオン イオンモール新居浜店,4911,https://network.mobile.rakuten.co.jp/shop/saikyo-plan-reception/?shop_id=4911
エディオン 桑名店,4921,https://network.mobile.rakuten.co.jp/shop/saikyo-plan-reception/?shop_id=4921
エディオン 四日市日永店,4941,https://network.mobile.rakuten.co.jp/shop/saikyo-plan-reception/?shop_id=4941
楽天モバイル イオンモール長久手店,4951,https://network.mobile.rakuten.co.jp/shop/saikyo-plan-reception/?shop_id=4951
楽天モバイル ららぽーと磐田店,4961,https://network.mobile.rakuten.co.jp/shop/saikyo-plan-reception/?shop_id=4961
エディオン アルパーク南店,4971,https://network.mobile.rakuten.co.jp/shop/saikyo-plan-reception/?shop_id=4971
エディオン 八木店,4981,https://network.mobile.rakuten.co.jp/shop/saikyo-plan-reception/?shop_id=4981
コジマ×ビックカメラ 宇都宮本店,4991,https://network.mobile.rakuten.co.jp/shop/saikyo-plan-reception/?shop_id=4991
ビックカメラ 大宮西口そごう店,5021,https://network.mobile.rakuten.co.jp/shop/saikyo-plan-reception/?shop_id=5021
ビックカメラ 広島駅前店,5031,https://network.mobile.rakuten.co.jp/shop/saikyo-plan-reception/?shop_id=5031
エディオン イオンモール浜松市野店,5051,https://network.mobile.rakuten.co.jp/shop/saikyo-plan-reception/?shop_id=5051
エディオン 名古屋本店,5171,https://network.mobile.rakuten.co.jp/shop/saikyo-plan-reception/?shop_id=5171
ジョーシン 三田ウッディタウン店,5181,https://network.mobile.rakuten.co.jp/shop/saikyo-plan-reception/?shop_id=5181
エディオン ららぽーとEXPOCITY店,5191,https://network.mobile.rakuten.co.jp/shop/saikyo-plan-reception/?shop_id=5191
ジョーシン 川西イオンタウン店,5201,https://network.mobile.rakuten.co.jp/shop/saikyo-plan-reception/?shop_id=5201
ジョーシン 伊勢ララパーク店,5231,https://network.mobile.rakuten.co.jp/shop/saikyo-plan-reception/?shop_id=5231
エディオン 新下関店,5241,https://network.mobile.rakuten.co.jp/shop/saikyo-plan-reception/?shop_id=5241
エディオン 六地蔵MOMOテラス店,5251,https://network.mobile.rakuten.co.jp/shop/saikyo-plan-reception/?shop_id=5251
エディオン 京橋店,5261,https://network.mobile.rakuten.co.jp/shop/saikyo-plan-reception/?shop_id=5261
楽天モバイル あまがさきキューズモール店,5291,https://network.mobile.rakuten.co.jp/shop/saikyo-plan-reception/?shop_id=5291
エディオン 泉大津店,5301,https://network.mobile.rakuten.co.jp/shop/saikyo-plan-reception/?shop_id=5301
楽天モバイル 竹ノ塚店,5321,https://network.mobile.rakuten.co.jp/shop/saikyo-plan-reception/?shop_id=5321
100満ボルト 帯広本店,5331,https://network.mobile.rakuten.co.jp/shop/saikyo-plan-reception/?shop_id=5331
エディオン 東淡路店,5341,https://network.mobile.rakuten.co.jp/shop/saikyo-plan-reception/?shop_id=5341
ケーズデンキ 埼大通り店,5371,https://network.mobile.rakuten.co.jp/shop/saikyo-plan-reception/?shop_id=5371
エディオン 多治見インター店,5401,https://network.mobile.rakuten.co.jp/shop/saikyo-plan-reception/?shop_id=5401
エディオン 都城吉尾店,5411,https://network.mobile.rakuten.co.jp/shop/saikyo-plan-reception/?shop_id=5411
エディオン 佐世保店,5431,https://network.mobile.rakuten.co.jp/shop/saikyo-plan-reception/?shop_id=5431
エディオン 京都ファミリー店,5441,https://network.mobile.rakuten.co.jp/shop/saikyo-plan-reception/?shop_id=5441
エディオン 下中野店,5451,https://network.mobile.rakuten.co.jp/shop/saikyo-plan-reception/?shop_id=5451
エディオン 知立店,5461,https://network.mobile.rakuten.co.jp/shop/saikyo-plan-reception/?shop_id=5461
エディオン 岩国店,5471,https://network.mobile.rakuten.co.jp/shop/saikyo-plan-reception/?shop_id=5471
エディオン 松本なぎさ店,5481,https://network.mobile.rakuten.co.jp/shop/saikyo-plan-reception/?shop_id=5481
エディオン 周南本店,5511,https://network.mobile.rakuten.co.jp/shop/saikyo-plan-reception/?shop_id=5511
エディオン 大山シティ店,5521,https://network.mobile.rakuten.co.jp/shop/saikyo-plan-reception/?shop_id=5521
楽天モバイル 大森駅前店,5531,https://network.mobile.rakuten.co.jp/shop/saikyo-plan-reception/?shop_id=5531
楽天モバイル イオンモール多摩平の森店,5541,https://network.mobile.rakuten.co.jp/shop/saikyo-plan-reception/?shop_id=5541
楽天モバイル イオンモール茨木店,5551,https://network.mobile.rakuten.co.jp/shop/saikyo-plan-reception/?shop_id=5551
楽天モバイル レイクタウンmori店,5561,https://network.mobile.rakuten.co.jp/shop/saikyo-plan-reception/?shop_id=5561
楽天モバイル 津田沼店,5571,https://network.mobile.rakuten.co.jp/shop/saikyo-plan-reception/?shop_id=5571
楽天モバイル ゆめタウン佐賀店,5581,https://network.mobile.rakuten.co.jp/shop/saikyo-plan-reception/?shop_id=5581
楽天モバイル 北千住店,5641,https://network.mobile.rakuten.co.jp/shop/saikyo-plan-reception/?shop_id=5641
楽天モバイル イオンモール松本店,5661,https://network.mobile.rakuten.co.jp/shop/saikyo-plan-reception/?shop_id=5661
楽天モバイル 京橋店,5671,https://network.mobile.rakuten.co.jp/shop/saikyo-plan-reception/?shop_id=5671
楽天モバイル 新小岩ルミエール店,5691,https://network.mobile.rakuten.co.jp/shop/saikyo-plan-reception/?shop_id=5691
ケーズデンキ クロスモール富田林店,5701,https://network.mobile.rakuten.co.jp/shop/saikyo-plan-reception/?shop_id=5701
楽天モバイル イオンモール神戸北店,5731,https://network.mobile.rakuten.co.jp/shop/saikyo-plan-reception/?shop_id=5731
楽天モバイル イオンモール堺鉄砲町店,5751,https://network.mobile.rakuten.co.jp/shop/saikyo-plan-reception/?shop_id=5751
楽天モバイル イオンモール京都五条店,5761,https://network.mobile.rakuten.co.jp/shop/saikyo-plan-reception/?shop_id=5761
ビックカメラ 横浜西口店,5771,https://network.mobile.rakuten.co.jp/shop/saikyo-plan-reception/?shop_id=5771
ビックカメラ 柏店,5781,https://network.mobile.rakuten.co.jp/shop/saikyo-plan-reception/?shop_id=5781
楽天モバイル 横浜ジョイナス店,5801,https://network.mobile.rakuten.co.jp/shop/saikyo-plan-reception/?shop_id=5801
楽天モバイル ポールタウン札幌店,5821,https://network.mobile.rakuten.co.jp/shop/saikyo-plan-reception/?shop_id=5821
LABI1 LIFE SELECT 池袋,5831,https://network.mobile.rakuten.co.jp/shop/saikyo-plan-reception/?shop_id=5831
LABI1 LIFE SELECT 高崎,5841,https://network.mobile.rakuten.co.jp/shop/saikyo-plan-reception/?shop_id=5841
LABI LIFE SELECT 品川大井町,5851,https://network.mobile.rakuten.co.jp/shop/saikyo-plan-reception/?shop_id=5851
ヤマダデンキ LABI上大岡,5861,https://network.mobile.rakuten.co.jp/shop/saikyo-plan-reception/?shop_id=5861
ヤマダデンキ テックランド札幌発寒店,5871,https://network.mobile.rakuten.co.jp/shop/saikyo-plan-reception/?shop_id=5871
楽天モバイル 宇都宮インターパークビレッジ店,5881,https://network.mobile.rakuten.co.jp/shop/saikyo-plan-reception/?shop_id=5881
楽天モバイル なんばウォーク店,5901,https://network.mobile.rakuten.co.jp/shop/saikyo-plan-reception/?shop_id=5901
楽天モバイル イオンモールむさし村山店,5911,https://network.mobile.rakuten.co.jp/shop/saikyo-plan-reception/?shop_id=5911
ケーズデンキ 湘南藤沢店,5931,https://network.mobile.rakuten.co.jp/shop/saikyo-plan-reception/?shop_id=5931
楽天モバイル アリオ八尾店,5941,https://network.mobile.rakuten.co.jp/shop/saikyo-plan-reception/?shop_id=5941
楽天モバイル 十三駅前路面店,5971,https://network.mobile.rakuten.co.jp/shop/saikyo-plan-reception/?shop_id=5971
楽天モバイル イオンモールナゴヤドーム前店,5981,https://network.mobile.rakuten.co.jp/shop/saikyo-plan-reception/?shop_id=5981
ビックカメラ なんば店,6001,https://network.mobile.rakuten.co.jp/shop/saikyo-plan-reception/?shop_id=6001
楽天モバイル イオンモール福津店,6011,https://network.mobile.rakuten.co.jp/shop/saikyo-plan-reception/?shop_id=6011
楽天モバイル イオンモール春日部店,6021,https://network.mobile.rakuten.co.jp/shop/saikyo-plan-reception/?shop_id=6021
楽天モバイル イオンモールつくば店,6031,https://network.mobile.rakuten.co.jp/shop/saikyo-plan-reception/?shop_id=6031
ビックカメラ 新横浜店,6051,https://network.mobile.rakuten.co.jp/shop/saikyo-plan-reception/?shop_id=6051
楽天モバイル イーアス高尾店,6061,https://network.mobile.rakuten.co.jp/shop/saikyo-plan-reception/?shop_id=6061
ビックカメラ 渋谷東口店,6071,https://network.mobile.rakuten.co.jp/shop/saikyo-plan-reception/?shop_id=6071
コジマ×ビックカメラ 函館店,6111,https://network.mobile.rakuten.co.jp/shop/saikyo-plan-reception/?shop_id=6111
楽天モバイル 下北沢店,6141,https://network.mobile.rakuten.co.jp/shop/saikyo-plan-reception/?shop_id=6141
楽天モバイル イオンモール名取店,6151,https://network.mobile.rakuten.co.jp/shop/saikyo-plan-reception/?shop_id=6151
楽天モバイル 川崎ゼロゲート店,6161,https://network.mobile.rakuten.co.jp/shop/saikyo-plan-reception/?shop_id=6161
楽天モバイル イオンモール筑紫野店,6171,https://network.mobile.rakuten.co.jp/shop/saikyo-plan-reception/?shop_id=6171
ビックカメラ あべのキューズモール店,6181,https://network.mobile.rakuten.co.jp/shop/saikyo-plan-reception/?shop_id=6181
ケーズデンキ カナートモール和泉府中店,6201,https://network.mobile.rakuten.co.jp/shop/saikyo-plan-reception/?shop_id=6201
楽天モバイル パークプレイス大分店,6211,https://network.mobile.rakuten.co.jp/shop/saikyo-plan-reception/?shop_id=6211
楽天モバイル イオンモール東浦店,6221,https://network.mobile.rakuten.co.jp/shop/saikyo-plan-reception/?shop_id=6221
楽天モバイル 池袋東口店,6231,https://network.mobile.rakuten.co.jp/shop/saikyo-plan-reception/?shop_id=6231
コジマ×ビックカメラ イオン西岡店,6251,https://network.mobile.rakuten.co.jp/shop/saikyo-plan-reception/?shop_id=6251
ビックカメラ 池袋西口店,6271,https://network.mobile.rakuten.co.jp/shop/saikyo-plan-reception/?shop_id=6271
ビックカメラ 京王調布店,6291,https://network.mobile.rakuten.co.jp/shop/saikyo-plan-reception/?shop_id=6291
コジマ×ビックカメラ 広島インター緑井店,6301,https://network.mobile.rakuten.co.jp/shop/saikyo-plan-reception/?shop_id=6301
ヤマダデンキ LABI LIFE SELECT 自由が丘,6311,https://network.mobile.rakuten.co.jp/shop/saikyo-plan-reception/?shop_id=6311
エディオン イオンモール橿原店,6321,https://network.mobile.rakuten.co.jp/shop/saikyo-plan-reception/?shop_id=6321
ヤマダデンキ LABI名古屋,6331,https://network.mobile.rakuten.co.jp/shop/saikyo-plan-reception/?shop_id=6331
楽天モバイル イオンモール和歌山店,6341,https://network.mobile.rakuten.co.jp/shop/saikyo-plan-reception/?shop_id=6341
楽天モバイル ならファミリー店,6351,https://network.mobile.rakuten.co.jp/shop/saikyo-plan-reception/?shop_id=6351
ビックカメラ 新宿東口駅前店,6361,https://network.mobile.rakuten.co.jp/shop/saikyo-plan-reception/?shop_id=6361
ビックカメラ 新宿西口店,6371,https://network.mobile.rakuten.co.jp/shop/saikyo-plan-reception/?shop_id=6371
ビックカメラ 高崎東口店,6381,https://network.mobile.rakuten.co.jp/shop/saikyo-plan-reception/?shop_id=6381
ビックカメラ 名古屋JRゲートタワー店,6391,https://network.mobile.rakuten.co.jp/shop/saikyo-plan-reception/?shop_id=6391
ビックカメラ 立川店,6401,https://network.mobile.rakuten.co.jp/shop/saikyo-plan-reception/?shop_id=6401
ヤマダデンキ LABI三宮,6441,https://network.mobile.rakuten.co.jp/shop/saikyo-plan-reception/?shop_id=6441
ビックカメラ 赤坂見附駅店,6451,https://network.mobile.rakuten.co.jp/shop/saikyo-plan-reception/?shop_id=6451
楽天モバイル イオンモール草津店,6461,https://network.mobile.rakuten.co.jp/shop/saikyo-plan-reception/?shop_id=6461
楽天モバイル ららぽーと和泉店,6471,https://network.mobile.rakuten.co.jp/shop/saikyo-plan-reception/?shop_id=6471
エディオン なんば本店,6491,https://network.mobile.rakuten.co.jp/shop/saikyo-plan-reception/?shop_id=6491
楽天モバイル イオンモール久御山店,6501,https://network.mobile.rakuten.co.jp/shop/saikyo-plan-reception/?shop_id=6501
楽天モバイル イオンモール幕張新都心店,6511,https://network.mobile.rakuten.co.jp/shop/saikyo-plan-reception/?shop_id=6511
楽天モバイル セブンパークアリオ柏店,6531,https://network.mobile.rakuten.co.jp/shop/saikyo-plan-reception/?shop_id=6531
楽天モバイル イオンモール大阪ドームシティ店,6541,https://network.mobile.rakuten.co.jp/shop/saikyo-plan-reception/?shop_id=6541
ジョーシン 高槻店,6551,https://network.mobile.rakuten.co.jp/shop/saikyo-plan-reception/?shop_id=6551
ケーズデンキ 熊本中央店,6561,https://network.mobile.rakuten.co.jp/shop/saikyo-plan-reception/?shop_id=6561
楽天モバイル イオンモール大垣店,6581,https://network.mobile.rakuten.co.jp/shop/saikyo-plan-reception/?shop_id=6581
楽天モバイル イオンモール鶴見緑地店,6591,https://network.mobile.rakuten.co.jp/shop/saikyo-plan-reception/?shop_id=6591
楽天モバイル イオンモール東員店,6601,https://network.mobile.rakuten.co.jp/shop/saikyo-plan-reception/?shop_id=6601
楽天モバイル イオンモール高岡店,6611,https://network.mobile.rakuten.co.jp/shop/saikyo-plan-reception/?shop_id=6611
ビックカメラ 水戸駅店,6621,https://network.mobile.rakuten.co.jp/shop/saikyo-plan-reception/?shop_id=6621
ヤマダデンキ LABI渋谷,6641,https://network.mobile.rakuten.co.jp/shop/saikyo-plan-reception/?shop_id=6641
ヤマダデンキ LABI1 LIFE SELECT なんば,6651,https://network.mobile.rakuten.co.jp/shop/saikyo-plan-reception/?shop_id=6651
ヤマダデンキ LABI LIFE SELECT 千里,6661,https://network.mobile.rakuten.co.jp/shop/saikyo-plan-reception/?shop_id=6661
楽天モバイル ゆめタウン光の森店,6671,https://network.mobile.rakuten.co.jp/shop/saikyo-plan-reception/?shop_id=6671
楽天モバイル 沖縄パルコシティ店,6681,https://network.mobile.rakuten.co.jp/shop/saikyo-plan-reception/?shop_id=6681
ヤマダデンキ LABI東京八重洲,6701,https://network.mobile.rakuten.co.jp/shop/saikyo-plan-reception/?shop_id=6701
ヤマダデンキ テックランド横浜本店,6711,https://network.mobile.rakuten.co.jp/shop/saikyo-plan-reception/?shop_id=6711
ビックカメラ 天神1号館,6731,https://network.mobile.rakuten.co.jp/shop/saikyo-plan-reception/?shop_id=6731
ケーズデンキ 郡山本店,6741,https://network.mobile.rakuten.co.jp/shop/saikyo-plan-reception/?shop_id=6741
テックランド長崎本店,6781,https://network.mobile.rakuten.co.jp/shop/saikyo-plan-reception/?shop_id=6781
楽天モバイル 仙台一番町店,6791,https://network.mobile.rakuten.co.jp/shop/saikyo-plan-reception/?shop_id=6791
コジマ×ビックカメラ 相模原店,6801,https://network.mobile.rakuten.co.jp/shop/saikyo-plan-reception/?shop_id=6801
コジマ×ビックカメラ 横須賀店,6821,https://network.mobile.rakuten.co.jp/shop/saikyo-plan-reception/?shop_id=6821
楽天モバイル イオンモール土浦店,6841,https://network.mobile.rakuten.co.jp/shop/saikyo-plan-reception/?shop_id=6841
楽天モバイル ららぽーと甲子園店,6851,https://network.mobile.rakuten.co.jp/shop/saikyo-plan-reception/?shop_id=6851
楽天モバイル イオンモール伊丹昆陽店,6871,https://network.mobile.rakuten.co.jp/shop/saikyo-plan-reception/?shop_id=6871
楽天モバイル イオンモール盛岡南店,6881,https://network.mobile.rakuten.co.jp/shop/saikyo-plan-reception/?shop_id=6881
楽天モバイル イオンモールいわき小名浜店,6891,https://network.mobile.rakuten.co.jp/shop/saikyo-plan-reception/?shop_id=6891
楽天モバイル シーモール下関店,6901,https://network.mobile.rakuten.co.jp/shop/saikyo-plan-reception/?shop_id=6901
ヤマダデンキ LABI津田沼,6921,https://network.mobile.rakuten.co.jp/shop/saikyo-plan-reception/?shop_id=6921
ヤマダデンキ LABI広島,6931,https://network.mobile.rakuten.co.jp/shop/saikyo-plan-reception/?shop_id=6931
ヤマダデンキ LABI LIFE SELECT 立川,6941,https://network.mobile.rakuten.co.jp/shop/saikyo-plan-reception/?shop_id=6941
楽天モバイル ユニモちはら台店,6951,https://network.mobile.rakuten.co.jp/shop/saikyo-plan-reception/?shop_id=6951
楽天モバイル ゆめタウン出雲店,6971,https://network.mobile.rakuten.co.jp/shop/saikyo-plan-reception/?shop_id=6971
楽天モバイル 広島本通り店,6981,https://network.mobile.rakuten.co.jp/shop/saikyo-plan-reception/?shop_id=6981
楽天モバイル 五反田駅前店,6991,https://network.mobile.rakuten.co.jp/shop/saikyo-plan-reception/?shop_id=6991
楽天モバイル イオンモール新瑞橋店,7001,https://network.mobile.rakuten.co.jp/shop/saikyo-plan-reception/?shop_id=7001
ビックカメラ イトーヨーカドーたまプラーザ店,7011,https://network.mobile.rakuten.co.jp/shop/saikyo-plan-reception/?shop_id=7011
ヤマダデンキ LABI吉祥寺,7021,https://network.mobile.rakuten.co.jp/shop/saikyo-plan-reception/?shop_id=7021
楽天モバイル 神戸ハーバーランドumie店,7041,https://network.mobile.rakuten.co.jp/shop/saikyo-plan-reception/?shop_id=7041
楽天モバイル アドバンスモール松阪店,7051,https://network.mobile.rakuten.co.jp/shop/saikyo-plan-reception/?shop_id=7051
楽天モバイル サクラマチ熊本店,7061,https://network.mobile.rakuten.co.jp/shop/saikyo-plan-reception/?shop_id=7061
ケーズデンキ インターヴィレッジ大曲店,7071,https://network.mobile.rakuten.co.jp/shop/saikyo-plan-reception/?shop_id=7071
エディオン イオンタウン弥富店,7091,https://network.mobile.rakuten.co.jp/shop/saikyo-plan-reception/?shop_id=7091
エディオン 新鳥取本店,7101,https://network.mobile.rakuten.co.jp/shop/saikyo-plan-reception/?shop_id=7101
ビックカメラ 新宿東口店,7111,https://network.mobile.rakuten.co.jp/shop/saikyo-plan-reception/?shop_id=7111
エディオン 為又シティ店,7121,https://network.mobile.rakuten.co.jp/shop/saikyo-plan-reception/?shop_id=7121
エディオン 諫早店,7131,https://network.mobile.rakuten.co.jp/shop/saikyo-plan-reception/?shop_id=7131
楽天モバイル 三軒茶屋店,7141,https://network.mobile.rakuten.co.jp/shop/saikyo-plan-reception/?shop_id=7141
楽天モバイル フェアモール福井大和田店,7151,https://network.mobile.rakuten.co.jp/shop/saikyo-plan-reception/?shop_id=7151
楽天モバイル アクロスモール新鎌ヶ谷店,7161,https://network.mobile.rakuten.co.jp/shop/saikyo-plan-reception/?shop_id=7161
楽天モバイル イオンモール木曽川店,7181,https://network.mobile.rakuten.co.jp/shop/saikyo-plan-reception/?shop_id=7181
楽天モバイル アリオ北砂店,7211,https://network.mobile.rakuten.co.jp/shop/saikyo-plan-reception/?shop_id=7211
楽天モバイル イオンモール浜松志都呂店,7221,https://network.mobile.rakuten.co.jp/shop/saikyo-plan-reception/?shop_id=7221
楽天モバイル 八王子店,7231,https://network.mobile.rakuten.co.jp/shop/saikyo-plan-reception/?shop_id=7231
ヤマダデンキ テックランド平和台駅前店,7241,https://network.mobile.rakuten.co.jp/shop/saikyo-plan-reception/?shop_id=7241
Tecc LIFE SELECT福岡志免本店,7251,https://network.mobile.rakuten.co.jp/shop/saikyo-plan-reception/?shop_id=7251
楽天モバイル 川口店,7261,https://network.mobile.rakuten.co.jp/shop/saikyo-plan-reception/?shop_id=7261
楽天モバイル ららぽーと沼津店,7271,https://network.mobile.rakuten.co.jp/shop/saikyo-plan-reception/?shop_id=7271
楽天モバイル 高槻センター街店,7281,https://network.mobile.rakuten.co.jp/shop/saikyo-plan-reception/?shop_id=7281
楽天モバイル 溝の口店,7301,https://network.mobile.rakuten.co.jp/shop/saikyo-plan-reception/?shop_id=7301
楽天モバイル イオンモール姫路大津店,7311,https://network.mobile.rakuten.co.jp/shop/saikyo-plan-reception/?shop_id=7311
楽天モバイル ファボーレ店,7321,https://network.mobile.rakuten.co.jp/shop/saikyo-plan-reception/?shop_id=7321
楽天モバイル テラスモール松戸店,7331,https://network.mobile.rakuten.co.jp/shop/saikyo-plan-reception/?shop_id=7331
楽天モバイル ららぽーと立川立飛店,7341,https://network.mobile.rakuten.co.jp/shop/saikyo-plan-reception/?shop_id=7341
ビックカメラ 所沢駅店,7351,https://network.mobile.rakuten.co.jp/shop/saikyo-plan-reception/?shop_id=7351
楽天モバイル ららぽーとEXPOCITY店,7361,https://network.mobile.rakuten.co.jp/shop/saikyo-plan-reception/?shop_id=7361
楽天モバイル 稲毛店,7371,https://network.mobile.rakuten.co.jp/shop/saikyo-plan-reception/?shop_id=7371
楽天モバイル 長崎浜町店,7381,https://network.mobile.rakuten.co.jp/shop/saikyo-plan-reception/?shop_id=7381
楽天モバイル ベイシア佐倉店,7391,https://network.mobile.rakuten.co.jp/shop/saikyo-plan-reception/?shop_id=7391
楽天モバイル アリオ西新井店,7401,https://network.mobile.rakuten.co.jp/shop/saikyo-plan-reception/?shop_id=7401
ビックカメラ 有楽町店,7421,https://network.mobile.rakuten.co.jp/shop/saikyo-plan-reception/?shop_id=7421
楽天モバイル mozoワンダーシティ店,7431,https://network.mobile.rakuten.co.jp/shop/saikyo-plan-reception/?shop_id=7431
楽天モバイル 川越クレアモール店,7441,https://network.mobile.rakuten.co.jp/shop/saikyo-plan-reception/?shop_id=7441
ビックカメラ 池袋本店,7491,https://network.mobile.rakuten.co.jp/shop/saikyo-plan-reception/?shop_id=7491
ビックカメラ JR八王子駅店,7501,https://network.mobile.rakuten.co.jp/shop/saikyo-plan-reception/?shop_id=7501
楽天モバイル 京都四条通店,7511,https://network.mobile.rakuten.co.jp/shop/saikyo-plan-reception/?shop_id=7511
楽天モバイル ニッケコルトンプラザ市川店,7521,https://network.mobile.rakuten.co.jp/shop/saikyo-plan-reception/?shop_id=7521
楽天モバイル ララガーデン春日部店,7531,https://network.mobile.rakuten.co.jp/shop/saikyo-plan-reception/?shop_id=7531
楽天モバイル 草加マルイ店,7541,https://network.mobile.rakuten.co.jp/shop/saikyo-plan-reception/?shop_id=7541
楽天モバイル 有明ガーデン店,7551,https://network.mobile.rakuten.co.jp/shop/saikyo-plan-reception/?shop_id=7551
ケーズデンキ BRANCH博多店,7561,https://network.mobile.rakuten.co.jp/shop/saikyo-plan-reception/?shop_id=7561
YAMADA 池袋2号館,7571,https://network.mobile.rakuten.co.jp/shop/saikyo-plan-reception/?shop_id=7571
楽天モバイル 福岡天神西通り店,7581,https://network.mobile.rakuten.co.jp/shop/saikyo-plan-reception/?shop_id=7581
ヨドバシカメラ マルチメディアAKIBA店,7591,https://network.mobile.rakuten.co.jp/shop/saikyo-plan-reception/?shop_id=7591
ヨドバシカメラ マルチメディア梅田店,7601,https://network.mobile.rakuten.co.jp/shop/saikyo-plan-reception/?shop_id=7601
ヨドバシカメラ マルチメディア横浜店,7611,https://network.mobile.rakuten.co.jp/shop/saikyo-plan-reception/?shop_id=7611
ヨドバシカメラ 新宿西口本店,7621,https://network.mobile.rakuten.co.jp/shop/saikyo-plan-reception/?shop_id=7621
ヨドバシカメラ マルチメディア仙台店,7631,https://network.mobile.rakuten.co.jp/shop/saikyo-plan-reception/?shop_id=7631
せいでん さんちか店,7641,https://network.mobile.rakuten.co.jp/shop/saikyo-plan-reception/?shop_id=7641
LABI仙台,7651,https://network.mobile.rakuten.co.jp/shop/saikyo-plan-reception/?shop_id=7651
ヤマダデンキ LABI新宿西口館,7661,https://network.mobile.rakuten.co.jp/shop/saikyo-plan-reception/?shop_id=7661
Tecc LIFE SELECT 港北センター店,7671,https://network.mobile.rakuten.co.jp/shop/saikyo-plan-reception/?shop_id=7671
家電住まいる館YAMADA幕張店,7681,https://network.mobile.rakuten.co.jp/shop/saikyo-plan-reception/?shop_id=7681
テックランド横浜泉店,7691,https://network.mobile.rakuten.co.jp/shop/saikyo-plan-reception/?shop_id=7691
楽天モバイル ららぽーと愛知東郷店,7701,https://network.mobile.rakuten.co.jp/shop/saikyo-plan-reception/?shop_id=7701
ヨドバシカメラ マルチメディア町田店,7703,https://network.mobile.rakuten.co.jp/shop/saikyo-plan-reception/?shop_id=7703
ヨドバシカメラ マルチメディア川崎ルフロン店,7704,https://network.mobile.rakuten.co.jp/shop/saikyo-plan-reception/?shop_id=7704
ヨドバシカメラ マルチメディア吉祥寺店,7705,https://network.mobile.rakuten.co.jp/shop/saikyo-plan-reception/?shop_id=7705
ヨドバシカメラ マルチメディア京都店,7706,https://network.mobile.rakuten.co.jp/shop/saikyo-plan-reception/?shop_id=7706
ヨドバシカメラ マルチメディア札幌店,7707,https://network.mobile.rakuten.co.jp/shop/saikyo-plan-reception/?shop_id=7707
ヨドバシカメラ マルチメディア博多店,7708,https://network.mobile.rakuten.co.jp/shop/saikyo-plan-reception/?shop_id=7708
楽天モバイル 嘉手納基地店,7709,https://network.mobile.rakuten.co.jp/shop/saikyo-plan-reception/?shop_id=7709
ヨドバシカメラ 千葉店,7710,https://network.mobile.rakuten.co.jp/shop/saikyo-plan-reception/?shop_id=7710
ヨドバシカメラ マルチメディア名古屋松坂屋店,7711,https://network.mobile.rakuten.co.jp/shop/saikyo-plan-reception/?shop_id=7711
ヨドバシカメラ マルチメディア京急上大岡店,7712,https://network.mobile.rakuten.co.jp/shop/saikyo-plan-reception/?shop_id=7712
ヨドバシカメラ マルチメディア宇都宮店,7713,https://network.mobile.rakuten.co.jp/shop/saikyo-plan-reception/?shop_id=7713
ヨドバシカメラ マルチメディアさいたま新都心駅前店,7714,https://network.mobile.rakuten.co.jp/shop/saikyo-plan-reception/?shop_id=7714
ヨドバシカメラ マルチメディア錦糸町店,7715,https://network.mobile.rakuten.co.jp/shop/saikyo-plan-reception/?shop_id=7715
コジマ×ビックカメラ 足立加平店,7718,https://network.mobile.rakuten.co.jp/shop/saikyo-plan-reception/?shop_id=7718
楽天モバイル させぼ5番街店,7719,https://network.mobile.rakuten.co.jp/shop/saikyo-plan-reception/?shop_id=7719
エディオン イオン原店,7721,https://network.mobile.rakuten.co.jp/shop/saikyo-plan-reception/?shop_id=7721
エディオン イオンタウン岡崎美合店,7722,https://network.mobile.rakuten.co.jp/shop/saikyo-plan-reception/?shop_id=7722
楽天モバイル 光が丘IMA店,7723,https://network.mobile.rakuten.co.jp/shop/saikyo-plan-reception/?shop_id=7723
ヨドバシカメラ マルチメディア郡山店,7724,https://network.mobile.rakuten.co.jp/shop/saikyo-plan-reception/?shop_id=7724
ヨドバシカメラ マルチメディア新潟駅前店,7725,https://network.mobile.rakuten.co.jp/shop/saikyo-plan-reception/?shop_id=7725
ヨドバシカメラ マルチメディア上野店,7726,https://network.mobile.rakuten.co.jp/shop/saikyo-plan-reception/?shop_id=7726
ヨドバシカメラ 八王子店,7727,https://network.mobile.rakuten.co.jp/shop/saikyo-plan-reception/?shop_id=7727
ヨドバシカメラ マルチメディア新宿東口店,7728,https://network.mobile.rakuten.co.jp/shop/saikyo-plan-reception/?shop_id=7728
楽天モバイル ビバモール寝屋川店,7729,https://network.mobile.rakuten.co.jp/shop/saikyo-plan-reception/?shop_id=7729
エディオン イズミヤ長岡店,7730,https://network.mobile.rakuten.co.jp/shop/saikyo-plan-reception/?shop_id=7730
ジョーシン 彦根店,7732,https://network.mobile.rakuten.co.jp/shop/saikyo-plan-reception/?shop_id=7732
ジョーシン 岸和田店,7733,https://network.mobile.rakuten.co.jp/shop/saikyo-plan-reception/?shop_id=7733
楽天モバイル 横須賀中央駅前店,7734,https://network.mobile.rakuten.co.jp/shop/saikyo-plan-reception/?shop_id=7734
ベスト電器 佐賀本店,7735,https://network.mobile.rakuten.co.jp/shop/saikyo-plan-reception/?shop_id=7735
ヤマダデンキ テックランド熊本本店,7736,https://network.mobile.rakuten.co.jp/shop/saikyo-plan-reception/?shop_id=7736
Tecc LIFE SELECT 熊本春日店,7737,https://network.mobile.rakuten.co.jp/shop/saikyo-plan-reception/?shop_id=7737
家電住まいる館YAMADA鹿児島本店,7738,https://network.mobile.rakuten.co.jp/shop/saikyo-plan-reception/?shop_id=7738
ビックカメラ アミュプラザくまもと店,7739,https://network.mobile.rakuten.co.jp/shop/saikyo-plan-reception/?shop_id=7739
楽天モバイル イオンモール橿原店,7741,https://network.mobile.rakuten.co.jp/shop/saikyo-plan-reception/?shop_id=7741
楽天モバイル 港南台バーズ店,7742,https://network.mobile.rakuten.co.jp/shop/saikyo-plan-reception/?shop_id=7742
ヤマダデンキ LABI大船,7743,https://network.mobile.rakuten.co.jp/shop/saikyo-plan-reception/?shop_id=7743
エディオン 京都四条河原町店,7745,https://network.mobile.rakuten.co.jp/shop/saikyo-plan-reception/?shop_id=7745
楽天モバイル セントシティ北九州小倉店,7746,https://network.mobile.rakuten.co.jp/shop/saikyo-plan-reception/?shop_id=7746
エディオン 岸和田店,7747,https://network.mobile.rakuten.co.jp/shop/saikyo-plan-reception/?shop_id=7747
楽天モバイル ららぽーと横浜店,7748,https://network.mobile.rakuten.co.jp/shop/saikyo-plan-reception/?shop_id=7748
楽天モバイル 神戸三宮センタープラザ店,7750,https://network.mobile.rakuten.co.jp/shop/saikyo-plan-reception/?shop_id=7750
楽天モバイル イオンモール鹿児島店,7751,https://network.mobile.rakuten.co.jp/shop/saikyo-plan-reception/?shop_id=7751
楽天モバイル 六本木店,7752,https://network.mobile.rakuten.co.jp/shop/saikyo-plan-reception/?shop_id=7752
ヨドバシカメラ マルチメディア甲府店,7753,https://network.mobile.rakuten.co.jp/shop/saikyo-plan-reception/?shop_id=7753
楽天モバイル 上野広小路店,7754,https://network.mobile.rakuten.co.jp/shop/saikyo-plan-reception/?shop_id=7754
楽天モバイル イオンモール川口店,7755,https://network.mobile.rakuten.co.jp/shop/saikyo-plan-reception/?shop_id=7755
楽天モバイル 名古屋ユニモール店,7756,https://network.mobile.rakuten.co.jp/shop/saikyo-plan-reception/?shop_id=7756
楽天モバイル 流山おおたかの森S・C店,7757,https://network.mobile.rakuten.co.jp/shop/saikyo-plan-reception/?shop_id=7757
楽天モバイル コクーンシティ店,7758,https://network.mobile.rakuten.co.jp/shop/saikyo-plan-reception/?shop_id=7758
家電住まいる館YAMADA福岡香椎店,7761,https://network.mobile.rakuten.co.jp/shop/saikyo-plan-reception/?shop_id=7761
楽天モバイル 葛西店,7764,https://network.mobile.rakuten.co.jp/shop/saikyo-plan-reception/?shop_id=7764
楽天モバイル イオンモール木更津店,7765,https://network.mobile.rakuten.co.jp/shop/saikyo-plan-reception/?shop_id=7765
楽天モバイル 大船店,7766,https://network.mobile.rakuten.co.jp/shop/saikyo-plan-reception/?shop_id=7766
楽天モバイル ららぽーと新三郷店,7767,https://network.mobile.rakuten.co.jp/shop/saikyo-plan-reception/?shop_id=7767
楽天モバイル イオンモール千葉ニュータウン店,7768,https://network.mobile.rakuten.co.jp/shop/saikyo-plan-reception/?shop_id=7768
楽天モバイル イオンモール成田店,7769,https://network.mobile.rakuten.co.jp/shop/saikyo-plan-reception/?shop_id=7769
楽天モバイル イオンモール甲府昭和店,7770,https://network.mobile.rakuten.co.jp/shop/saikyo-plan-reception/?shop_id=7770
楽天モバイル 赤羽店,7771,https://network.mobile.rakuten.co.jp/shop/saikyo-plan-reception/?shop_id=7771
楽天モバイル ハッピーロード大山店,7772,https://network.mobile.rakuten.co.jp/shop/saikyo-plan-reception/?shop_id=7772
楽天モバイル 武蔵小山店,7773,https://network.mobile.rakuten.co.jp/shop/saikyo-plan-reception/?shop_id=7773
楽天モバイル 昭島モリタウン店,7774,https://network.mobile.rakuten.co.jp/shop/saikyo-plan-reception/?shop_id=7774
楽天モバイル 湘南台店,7776,https://network.mobile.rakuten.co.jp/shop/saikyo-plan-reception/?shop_id=7776
楽天モバイル 東急プラザ戸塚店,7778,https://network.mobile.rakuten.co.jp/shop/saikyo-plan-reception/?shop_id=7778
Tecc LIFE SELECT 姫路本店,7779,https://network.mobile.rakuten.co.jp/shop/saikyo-plan-reception/?shop_id=7779
楽天モバイル ブルメール舞多聞店,7780,https://network.mobile.rakuten.co.jp/shop/saikyo-plan-reception/?shop_id=7780
楽天モバイル イオンモール東久留米店,7781,https://network.mobile.rakuten.co.jp/shop/saikyo-plan-reception/?shop_id=7781
Tecc LIFE SELECT 札幌本店,7787,https://network.mobile.rakuten.co.jp/shop/saikyo-plan-reception/?shop_id=7787
楽天モバイル 巣鴨店,7792,https://network.mobile.rakuten.co.jp/shop/saikyo-plan-reception/?shop_id=7792
楽天モバイル 綾瀬店,7793,https://network.mobile.rakuten.co.jp/shop/saikyo-plan-reception/?shop_id=7793
楽天モバイル イオンモール福岡店,7796,https://network.mobile.rakuten.co.jp/shop/saikyo-plan-reception/?shop_id=7796
楽天モバイル イオンモール大日店,7798,https://network.mobile.rakuten.co.jp/shop/saikyo-plan-reception/?shop_id=7798
楽天モバイル 日暮里店,7800,https://network.mobile.rakuten.co.jp/shop/saikyo-plan-reception/?shop_id=7800
楽天モバイル イオンモール上尾店,7801,https://network.mobile.rakuten.co.jp/shop/saikyo-plan-reception/?shop_id=7801
楽天モバイル 経堂店,7802,https://network.mobile.rakuten.co.jp/shop/saikyo-plan-reception/?shop_id=7802
楽天モバイル ゆめタウン博多店,7804,https://network.mobile.rakuten.co.jp/shop/saikyo-plan-reception/?shop_id=7804
楽天モバイル ゆめタウン廿日市店,7805,https://network.mobile.rakuten.co.jp/shop/saikyo-plan-reception/?shop_id=7805
Tecc LIFE SELECT 神戸本店,7806,https://network.mobile.rakuten.co.jp/shop/saikyo-plan-reception/?shop_id=7806
Tecc LIFE SELECT 木更津請西本店,7809,https://network.mobile.rakuten.co.jp/shop/saikyo-plan-reception/?shop_id=7809
ジョーシン 王子店,7810,https://network.mobile.rakuten.co.jp/shop/saikyo-plan-reception/?shop_id=7810
楽天モバイル 学芸大学店,7811,https://network.mobile.rakuten.co.jp/shop/saikyo-plan-reception/?shop_id=7811
楽天モバイル 本厚木店,7813,https://network.mobile.rakuten.co.jp/shop/saikyo-plan-reception/?shop_id=7813
楽天モバイル ダイナシティ小田原店,7815,https://network.mobile.rakuten.co.jp/shop/saikyo-plan-reception/?shop_id=7815
楽天モバイル イオンモール熊本店,7816,https://network.mobile.rakuten.co.jp/shop/saikyo-plan-reception/?shop_id=7816
楽天モバイル 武蔵浦和マーレ店,7817,https://network.mobile.rakuten.co.jp/shop/saikyo-plan-reception/?shop_id=7817
YAMADA web.com 宇都宮本店,7818,https://network.mobile.rakuten.co.jp/shop/saikyo-plan-reception/?shop_id=7818
YAMADA web.com 郡山本店,7819,https://network.mobile.rakuten.co.jp/shop/saikyo-plan-reception/?shop_id=7819
楽天モバイル イオンモール倉敷店,7820,https://network.mobile.rakuten.co.jp/shop/saikyo-plan-reception/?shop_id=7820
楽天モバイル 雪が谷大塚店,7821,https://network.mobile.rakuten.co.jp/shop/saikyo-plan-reception/?shop_id=7821
Tecc LIFE SELECT 長野SBC通り店,7822,https://network.mobile.rakuten.co.jp/shop/saikyo-plan-reception/?shop_id=7822
楽天モバイル 荻窪店,7827,https://network.mobile.rakuten.co.jp/shop/saikyo-plan-reception/?shop_id=7827
楽天モバイル ビバモール美原南インター店,7828,https://network.mobile.rakuten.co.jp/shop/saikyo-plan-reception/?shop_id=7828
楽天モバイル ゆめタウン高松店,7829,https://network.mobile.rakuten.co.jp/shop/saikyo-plan-reception/?shop_id=7829
楽天モバイル 府中店,7830,https://network.mobile.rakuten.co.jp/shop/saikyo-plan-reception/?shop_id=7830
楽天モバイル イオンモール沖縄ライカム店,7831,https://network.mobile.rakuten.co.jp/shop/saikyo-plan-reception/?shop_id=7831
楽天モバイル 目黒店,7832,https://network.mobile.rakuten.co.jp/shop/saikyo-plan-reception/?shop_id=7832
楽天モバイル 秋葉原店,7834,https://network.mobile.rakuten.co.jp/shop/saikyo-plan-reception/?shop_id=7834
YAMADA web.com松山問屋町店,7836,https://network.mobile.rakuten.co.jp/shop/saikyo-plan-reception/?shop_id=7836
楽天モバイル ららぽーと名古屋みなとアクルス店,7837,https://network.mobile.rakuten.co.jp/shop/saikyo-plan-reception/?shop_id=7837
楽天モバイル イオンモール新利府南館店,7838,https://network.mobile.rakuten.co.jp/shop/saikyo-plan-reception/?shop_id=7838
エディオン 小牧店,7840,https://network.mobile.rakuten.co.jp/shop/saikyo-plan-reception/?shop_id=7840
楽天モバイル 高田馬場店,7842,https://network.mobile.rakuten.co.jp/shop/saikyo-plan-reception/?shop_id=7842
楽天モバイル 松戸店,7843,https://network.mobile.rakuten.co.jp/shop/saikyo-plan-reception/?shop_id=7843
テックランド菊陽店,7844,https://network.mobile.rakuten.co.jp/shop/saikyo-plan-reception/?shop_id=7844
ケーズデンキ いわき本店,7845,https://network.mobile.rakuten.co.jp/shop/saikyo-plan-reception/?shop_id=7845
楽天モバイル トレッサ横浜店,7846,https://network.mobile.rakuten.co.jp/shop/saikyo-plan-reception/?shop_id=7846
コジマ×ビックカメラ イーアス春日井店,7848,https://network.mobile.rakuten.co.jp/shop/saikyo-plan-reception/?shop_id=7848
YAMADA web.com 長岡店,7850,https://network.mobile.rakuten.co.jp/shop/saikyo-plan-reception/?shop_id=7850
テックランドムサシ姫路店,7852,https://network.mobile.rakuten.co.jp/shop/saikyo-plan-reception/?shop_id=7852
楽天モバイル アリオ加古川店,7853,https://network.mobile.rakuten.co.jp/shop/saikyo-plan-reception/?shop_id=7853
楽天モバイル 国立店,7854,https://network.mobile.rakuten.co.jp/shop/saikyo-plan-reception/?shop_id=7854
Tecc LIFE SELECT 加古川本店,7855,https://network.mobile.rakuten.co.jp/shop/saikyo-plan-reception/?shop_id=7855
楽天モバイル コビルナ町田店,7857,https://network.mobile.rakuten.co.jp/shop/saikyo-plan-reception/?shop_id=7857
楽天モバイル イオンモール北戸田店,7858,https://network.mobile.rakuten.co.jp/shop/saikyo-plan-reception/?shop_id=7858
楽天モバイル ピオニウォーク東松山店,7859,https://network.mobile.rakuten.co.jp/shop/saikyo-plan-reception/?shop_id=7859
楽天モバイル イオンモール座間店,7860,https://network.mobile.rakuten.co.jp/shop/saikyo-plan-reception/?shop_id=7860
テックランド博多本店,7861,https://network.mobile.rakuten.co.jp/shop/saikyo-plan-reception/?shop_id=7861
Tecc LIFE SELECT 徳島本店,7862,https://network.mobile.rakuten.co.jp/shop/saikyo-plan-reception/?shop_id=7862
楽天モバイル イオンモール姫路リバーシティ店,7863,https://network.mobile.rakuten.co.jp/shop/saikyo-plan-reception/?shop_id=7863
エディオン トナリエ南千里アネックス店,7865,https://network.mobile.rakuten.co.jp/shop/saikyo-plan-reception/?shop_id=7865
楽天モバイル 池袋西口店,7866,https://network.mobile.rakuten.co.jp/shop/saikyo-plan-reception/?shop_id=7866
楽天モバイル 高円寺店,7867,https://network.mobile.rakuten.co.jp/shop/saikyo-plan-reception/?shop_id=7867
楽天モバイル 新百合丘オーパ店,7868,https://network.mobile.rakuten.co.jp/shop/saikyo-plan-reception/?shop_id=7868
ジョーシン 宝塚店,7869,https://network.mobile.rakuten.co.jp/shop/saikyo-plan-reception/?shop_id=7869
楽天モバイル ビーンズ中山店,7870,https://network.mobile.rakuten.co.jp/shop/saikyo-plan-reception/?shop_id=7870
楽天モバイル イオンモール大和郡山店,7871,https://network.mobile.rakuten.co.jp/shop/saikyo-plan-reception/?shop_id=7871
楽天モバイル ゆめタウン大牟田店,7872,https://network.mobile.rakuten.co.jp/shop/saikyo-plan-reception/?shop_id=7872
LABI LIFE SELECT 茅ヶ崎店,7873,https://network.mobile.rakuten.co.jp/shop/saikyo-plan-reception/?shop_id=7873
楽天モバイル 浦安店,7902,https://network.mobile.rakuten.co.jp/shop/saikyo-plan-reception/?shop_id=7902
エディオン 日吉店,7903,https://network.mobile.rakuten.co.jp/shop/saikyo-plan-reception/?shop_id=7903
楽天モバイル イオンスタイル豊田店,7905,https://network.mobile.rakuten.co.jp/shop/saikyo-plan-reception/?shop_id=7905
楽天モバイル リーフウォーク稲沢店,7906,https://network.mobile.rakuten.co.jp/shop/saikyo-plan-reception/?shop_id=7906
楽天モバイル ディアモール大阪店,7907,https://network.mobile.rakuten.co.jp/shop/saikyo-plan-reception/?shop_id=7907
楽天モバイル アリオ蘇我店,7909,https://network.mobile.rakuten.co.jp/shop/saikyo-plan-reception/?shop_id=7909
楽天モバイル 浦和店,7910,https://network.mobile.rakuten.co.jp/shop/saikyo-plan-reception/?shop_id=7910
楽天モバイル テラスウォーク一宮店,7911,https://network.mobile.rakuten.co.jp/shop/saikyo-plan-reception/?shop_id=7911
楽天モバイル イオン藤井寺SC店,7912,https://network.mobile.rakuten.co.jp/shop/saikyo-plan-reception/?shop_id=7912
楽天モバイル 駒込店,7913,https://network.mobile.rakuten.co.jp/shop/saikyo-plan-reception/?shop_id=7913
Tecc LIFE SELECT 春日部本店,7916,https://network.mobile.rakuten.co.jp/shop/saikyo-plan-reception/?shop_id=7916
楽天モバイル エアポートウォーク名古屋店,7917,https://network.mobile.rakuten.co.jp/shop/saikyo-plan-reception/?shop_id=7917
楽天モバイル 青葉台店,7919,https://network.mobile.rakuten.co.jp/shop/saikyo-plan-reception/?shop_id=7919
エディオン ホームズ寝屋川店,7920,https://network.mobile.rakuten.co.jp/shop/saikyo-plan-reception/?shop_id=7920
楽天モバイル カラフルタウン岐阜店,7921,https://network.mobile.rakuten.co.jp/shop/saikyo-plan-reception/?shop_id=7921
楽天モバイル アリオ鳳店,7922,https://network.mobile.rakuten.co.jp/shop/saikyo-plan-reception/?shop_id=7922
楽天モバイル 江坂店,7924,https://network.mobile.rakuten.co.jp/shop/saikyo-plan-reception/?shop_id=7924
楽天モバイル イオンモール浜松市野店,7927,https://network.mobile.rakuten.co.jp/shop/saikyo-plan-reception/?shop_id=7927
楽天モバイル イオンモール名古屋茶屋店,7928,https://network.mobile.rakuten.co.jp/shop/saikyo-plan-reception/?shop_id=7928
楽天モバイル スマーク伊勢崎店,7930,https://network.mobile.rakuten.co.jp/shop/saikyo-plan-reception/?shop_id=7930
楽天モバイル 京阪守口市駅前店,7931,https://network.mobile.rakuten.co.jp/shop/saikyo-plan-reception/?shop_id=7931
楽天モバイル イトーヨーカドー武蔵境店,7932,https://network.mobile.rakuten.co.jp/shop/saikyo-plan-reception/?shop_id=7932
楽天モバイル イオンタウン守谷店,7933,https://network.mobile.rakuten.co.jp/shop/saikyo-plan-reception/?shop_id=7933
楽天モバイル イオンモール八幡東店,7934,https://network.mobile.rakuten.co.jp/shop/saikyo-plan-reception/?shop_id=7934
楽天モバイル ゆめタウン福山店,7935,https://network.mobile.rakuten.co.jp/shop/saikyo-plan-reception/?shop_id=7935
楽天モバイル イオンモール宇城店,7936,https://network.mobile.rakuten.co.jp/shop/saikyo-plan-reception/?shop_id=7936
楽天モバイル イオンモール大高店,7939,https://network.mobile.rakuten.co.jp/shop/saikyo-plan-reception/?shop_id=7939
楽天モバイル ピエリ守山店,7940,https://network.mobile.rakuten.co.jp/shop/saikyo-plan-reception/?shop_id=7940
楽天モバイル ミーツ国分寺店,7941,https://network.mobile.rakuten.co.jp/shop/saikyo-plan-reception/?shop_id=7941
楽天モバイル 大井町店,7942,https://network.mobile.rakuten.co.jp/shop/saikyo-plan-reception/?shop_id=7942
楽天モバイル イオンモール大和店,7943,https://network.mobile.rakuten.co.jp/shop/saikyo-plan-reception/?shop_id=7943
楽天モバイル 北習志野店,7944,https://network.mobile.rakuten.co.jp/shop/saikyo-plan-reception/?shop_id=7944
楽天モバイル 足利コムファースト店,7945,https://network.mobile.rakuten.co.jp/shop/saikyo-plan-reception/?shop_id=7945
楽天モバイル イオンモール日吉津店,8098,https://network.mobile.rakuten.co.jp/shop/saikyo-plan-reception/?shop_id=8098
エディオン しおざきシティ店,8119,https://network.mobile.rakuten.co.jp/shop/saikyo-plan-reception/?shop_id=8119
楽天モバイル フレスポ八潮店,8120,https://network.mobile.rakuten.co.jp/shop/saikyo-plan-reception/?shop_id=8120
エディオン つかざんシティ店,8121,https://network.mobile.rakuten.co.jp/shop/saikyo-plan-reception/?shop_id=8121
楽天モバイル ココリア多摩センター店,8122,https://network.mobile.rakuten.co.jp/shop/saikyo-plan-reception/?shop_id=8122
楽天モバイル 淡路島洲本インター店,8123,https://network.mobile.rakuten.co.jp/shop/saikyo-plan-reception/?shop_id=8123
Tecc LIFE SELECT 盛岡本店,8124,https://network.mobile.rakuten.co.jp/shop/saikyo-plan-reception/?shop_id=8124
テックランド羽曳野店,8125,https://network.mobile.rakuten.co.jp/shop/saikyo-plan-reception/?shop_id=8125
楽天モバイル アリオ鷲宮店,8126,https://network.mobile.rakuten.co.jp/shop/saikyo-plan-reception/?shop_id=8126
楽天モバイル 阪急西宮ガーデンズ店,8127,https://network.mobile.rakuten.co.jp/shop/saikyo-plan-reception/?shop_id=8127
楽天モバイル アリオ上田店,8128,https://network.mobile.rakuten.co.jp/shop/saikyo-plan-reception/?shop_id=8128
楽天モバイル 京阪すみのどう店,8129,https://network.mobile.rakuten.co.jp/shop/saikyo-plan-reception/?shop_id=8129
楽天モバイル 洛北阪急スクエア店,8130,https://network.mobile.rakuten.co.jp/shop/saikyo-plan-reception/?shop_id=8130
楽天モバイル ラスパ西大和店,8131,https://network.mobile.rakuten.co.jp/shop/saikyo-plan-reception/?shop_id=8131
楽天モバイル WAY書店岩出店,8132,https://network.mobile.rakuten.co.jp/shop/saikyo-plan-reception/?shop_id=8132
楽天モバイル イオンモール堺北花田店,8133,https://network.mobile.rakuten.co.jp/shop/saikyo-plan-reception/?shop_id=8133
楽天モバイル トキハわさだタウン店,8144,https://network.mobile.rakuten.co.jp/shop/saikyo-plan-reception/?shop_id=8144
楽天モバイル ラザウォーク甲斐双葉店,8154,https://network.mobile.rakuten.co.jp/shop/saikyo-plan-reception/?shop_id=8154
楽天モバイル ゆめタウン徳島店,8165,https://network.mobile.rakuten.co.jp/shop/saikyo-plan-reception/?shop_id=8165
テックランドヨシヅヤ名西店,8166,https://network.mobile.rakuten.co.jp/shop/saikyo-plan-reception/?shop_id=8166
楽天モバイル イオンモール津南店,8167,https://network.mobile.rakuten.co.jp/shop/saikyo-plan-reception/?shop_id=8167
楽天モバイル 伏見大手筋店,8176,https://network.mobile.rakuten.co.jp/shop/saikyo-plan-reception/?shop_id=8176
楽天モバイル イオンタウン彦根店,8178,https://network.mobile.rakuten.co.jp/shop/saikyo-plan-reception/?shop_id=8178
楽天モバイル アリオ深谷店,8182,https://network.mobile.rakuten.co.jp/shop/saikyo-plan-reception/?shop_id=8182
楽天モバイル エルミこうのすショッピングモール店,8183,https://network.mobile.rakuten.co.jp/shop/saikyo-plan-reception/?shop_id=8183
楽天モバイル アピタ島田店,8190,https://network.mobile.rakuten.co.jp/shop/saikyo-plan-reception/?shop_id=8190
楽天モバイル アルプラザ城陽店,8191,https://network.mobile.rakuten.co.jp/shop/saikyo-plan-reception/?shop_id=8191
楽天モバイル MOMOテラス店,8202,https://network.mobile.rakuten.co.jp/shop/saikyo-plan-reception/?shop_id=8202
楽天モバイル イオンモール新発田店,8203,https://network.mobile.rakuten.co.jp/shop/saikyo-plan-reception/?shop_id=8203
ジョーシン 高石店,8206,https://network.mobile.rakuten.co.jp/shop/saikyo-plan-reception/?shop_id=8206
楽天モバイル イオンモール佐野新都市店,8208,https://network.mobile.rakuten.co.jp/shop/saikyo-plan-reception/?shop_id=8208
楽天モバイル みのおキューズモール店,8209,https://network.mobile.rakuten.co.jp/shop/saikyo-plan-reception/?shop_id=8209
楽天モバイル イオンモール奈良登美ヶ丘店,8210,https://network.mobile.rakuten.co.jp/shop/saikyo-plan-reception/?shop_id=8210
ケーズデンキ 岩槻店,8212,https://network.mobile.rakuten.co.jp/shop/saikyo-plan-reception/?shop_id=8212
楽天モバイル ララガーデン長町店,8213,https://network.mobile.rakuten.co.jp/shop/saikyo-plan-reception/?shop_id=8213
楽天モバイル ファッションクルーズひたちなか店,8214,https://network.mobile.rakuten.co.jp/shop/saikyo-plan-reception/?shop_id=8214
楽天モバイル 西葛西店,8215,https://network.mobile.rakuten.co.jp/shop/saikyo-plan-reception/?shop_id=8215
テックランドNew出雲店,8216,https://network.mobile.rakuten.co.jp/shop/saikyo-plan-reception/?shop_id=8216
楽天モバイル 泉北パンジョ店,8217,https://network.mobile.rakuten.co.jp/shop/saikyo-plan-reception/?shop_id=8217
楽天モバイル 和泉観音寺店,8224,https://network.mobile.rakuten.co.jp/shop/saikyo-plan-reception/?shop_id=8224
楽天モバイル イオンモール広島祇園店,8227,https://network.mobile.rakuten.co.jp/shop/saikyo-plan-reception/?shop_id=8227
Tecc LIFE SELECT 旭川店,8246,https://network.mobile.rakuten.co.jp/shop/saikyo-plan-reception/?shop_id=8246
楽天モバイル アリオ札幌店,8248,https://network.mobile.rakuten.co.jp/shop/saikyo-plan-reception/?shop_id=8248
楽天モバイル イオンモール浦和美園店,8249,https://network.mobile.rakuten.co.jp/shop/saikyo-plan-reception/?shop_id=8249
エディオン 伊都店,8250,https://network.mobile.rakuten.co.jp/shop/saikyo-plan-reception/?shop_id=8250
エディオン 浦添パルコシティ店,8253,https://network.mobile.rakuten.co.jp/shop/saikyo-plan-reception/?shop_id=8253
エディオン 豊見城ウイングシティ店,8254,https://network.mobile.rakuten.co.jp/shop/saikyo-plan-reception/?shop_id=8254
楽天モバイル ハーヴェストウォーク店,8262,https://network.mobile.rakuten.co.jp/shop/saikyo-plan-reception/?shop_id=8262
100満ボルト 東苗穂店,8263,https://network.mobile.rakuten.co.jp/shop/saikyo-plan-reception/?shop_id=8263
楽天モバイル 梅田茶屋町店,8269,https://network.mobile.rakuten.co.jp/shop/saikyo-plan-reception/?shop_id=8269
エディオン 豊田大林店,8271,https://network.mobile.rakuten.co.jp/shop/saikyo-plan-reception/?shop_id=8271
楽天モバイル MARK IS 福岡ももち店,8272,https://network.mobile.rakuten.co.jp/shop/saikyo-plan-reception/?shop_id=8272
楽天モバイル マルイファミリー志木店,8273,https://network.mobile.rakuten.co.jp/shop/saikyo-plan-reception/?shop_id=8273
楽天モバイル イオンモール今治新都市店,8274,https://network.mobile.rakuten.co.jp/shop/saikyo-plan-reception/?shop_id=8274
楽天モバイル 上本町YUFURA店,8275,https://network.mobile.rakuten.co.jp/shop/saikyo-plan-reception/?shop_id=8275
エディオン 福岡西店,8276,https://network.mobile.rakuten.co.jp/shop/saikyo-plan-reception/?shop_id=8276
楽天モバイル イオンタウン姶良店,8277,https://network.mobile.rakuten.co.jp/shop/saikyo-plan-reception/?shop_id=8277
楽天モバイル 木の葉モール橋本店,8278,https://network.mobile.rakuten.co.jp/shop/saikyo-plan-reception/?shop_id=8278
エディオン 日進竹の山店,8279,https://network.mobile.rakuten.co.jp/shop/saikyo-plan-reception/?shop_id=8279
ケーズデンキ 西神戸店,8280,https://network.mobile.rakuten.co.jp/shop/saikyo-plan-reception/?shop_id=8280
ケーズデンキ 尼崎浜田店,8282,https://network.mobile.rakuten.co.jp/shop/saikyo-plan-reception/?shop_id=8282
ケーズデンキ わさだタウン店,8283,https://network.mobile.rakuten.co.jp/shop/saikyo-plan-reception/?shop_id=8283
ケーズデンキ 佐世保店,8284,https://network.mobile.rakuten.co.jp/shop/saikyo-plan-reception/?shop_id=8284
ケーズデンキ 薩摩川内店,8285,https://network.mobile.rakuten.co.jp/shop/saikyo-plan-reception/?shop_id=8285
ケーズデンキ 諫早店,8286,https://network.mobile.rakuten.co.jp/shop/saikyo-plan-reception/?shop_id=8286
ケーズデンキ 出水店,8287,https://network.mobile.rakuten.co.jp/shop/saikyo-plan-reception/?shop_id=8287
楽天モバイル 船堀店,8288,https://network.mobile.rakuten.co.jp/shop/saikyo-plan-reception/?shop_id=8288
楽天モバイル ヴェルサウォーク西尾店,8289,https://network.mobile.rakuten.co.jp/shop/saikyo-plan-reception/?shop_id=8289
エディオン 柴田店,8290,https://network.mobile.rakuten.co.jp/shop/saikyo-plan-reception/?shop_id=8290
楽天モバイル 瑞江店,8292,https://network.mobile.rakuten.co.jp/shop/saikyo-plan-reception/?shop_id=8292
楽天モバイル イオンモールりんくう泉南店,8293,https://network.mobile.rakuten.co.jp/shop/saikyo-plan-reception/?shop_id=8293
エディオン 海田店,8294,https://network.mobile.rakuten.co.jp/shop/saikyo-plan-reception/?shop_id=8294
楽天モバイル 難波なんさん通り店,8297,https://network.mobile.rakuten.co.jp/shop/saikyo-plan-reception/?shop_id=8297
エディオン ホームズ川崎大師店,8298,https://network.mobile.rakuten.co.jp/shop/saikyo-plan-reception/?shop_id=8298
エディオン ダイナシティ小田原店,8299,https://network.mobile.rakuten.co.jp/shop/saikyo-plan-reception/?shop_id=8299
ビックカメラ 船橋FACE店,8301,https://network.mobile.rakuten.co.jp/shop/saikyo-plan-reception/?shop_id=8301
YAMADA web.com 和歌山店,8303,https://network.mobile.rakuten.co.jp/shop/saikyo-plan-reception/?shop_id=8303
ジョーシン 一宮尾西店,8304,https://network.mobile.rakuten.co.jp/shop/saikyo-plan-reception/?shop_id=8304
ジョーシン 岡崎イオンモール店,8305,https://network.mobile.rakuten.co.jp/shop/saikyo-plan-reception/?shop_id=8305
ジョーシン 平野加美店,8306,https://network.mobile.rakuten.co.jp/shop/saikyo-plan-reception/?shop_id=8306
ジョーシン 鳳店,8307,https://network.mobile.rakuten.co.jp/shop/saikyo-plan-reception/?shop_id=8307
ジョーシン 明石大久保店,8308,https://network.mobile.rakuten.co.jp/shop/saikyo-plan-reception/?shop_id=8308
ジョーシン 堅田アル・プラザ店,8309,https://network.mobile.rakuten.co.jp/shop/saikyo-plan-reception/?shop_id=8309
ジョーシン 白山イオンモール店,8310,https://network.mobile.rakuten.co.jp/shop/saikyo-plan-reception/?shop_id=8310
ジョーシン セブンパーク天美店,8311,https://network.mobile.rakuten.co.jp/shop/saikyo-plan-reception/?shop_id=8311
ジョーシン つかしん店,8312,https://network.mobile.rakuten.co.jp/shop/saikyo-plan-reception/?shop_id=8312
ジョーシン 高蔵寺店,8313,https://network.mobile.rakuten.co.jp/shop/saikyo-plan-reception/?shop_id=8313
楽天モバイル 大塚店,8314,https://network.mobile.rakuten.co.jp/shop/saikyo-plan-reception/?shop_id=8314
ジョーシン 鴻巣店,8315,https://network.mobile.rakuten.co.jp/shop/saikyo-plan-reception/?shop_id=8315
ジョーシン 堺中央環状店,8316,https://network.mobile.rakuten.co.jp/shop/saikyo-plan-reception/?shop_id=8316
ジョーシン 小牧店,8317,https://network.mobile.rakuten.co.jp/shop/saikyo-plan-reception/?shop_id=8317
エディオン オアシスタウン吹田SST店,8318,https://network.mobile.rakuten.co.jp/shop/saikyo-plan-reception/?shop_id=8318
楽天モバイル イオンモール旭川駅前店,8320,https://network.mobile.rakuten.co.jp/shop/saikyo-plan-reception/?shop_id=8320
コジマ×ビックカメラ KAMEIDO CLOCK店,8321,https://network.mobile.rakuten.co.jp/shop/saikyo-plan-reception/?shop_id=8321
コジマ×ビックカメラ COTOE流山おおたかの森店,8322,https://network.mobile.rakuten.co.jp/shop/saikyo-plan-reception/?shop_id=8322
ケーズデンキ 仙台西店,8324,https://network.mobile.rakuten.co.jp/shop/saikyo-plan-reception/?shop_id=8324
ケーズデンキ 釧路本店,8326,https://network.mobile.rakuten.co.jp/shop/saikyo-plan-reception/?shop_id=8326
ケーズデンキ 北見店,8327,https://network.mobile.rakuten.co.jp/shop/saikyo-plan-reception/?shop_id=8327
ケーズデンキ 沖浜店,8328,https://network.mobile.rakuten.co.jp/shop/saikyo-plan-reception/?shop_id=8328
ケーズデンキ 行橋店,8329,https://network.mobile.rakuten.co.jp/shop/saikyo-plan-reception/?shop_id=8329
ケーズデンキ 荒尾店,8330,https://network.mobile.rakuten.co.jp/shop/saikyo-plan-reception/?shop_id=8330
楽天モバイル イオンモール高知店,8331,https://network.mobile.rakuten.co.jp/shop/saikyo-plan-reception/?shop_id=8331
楽天モバイル イオンモール直方店,8332,https://network.mobile.rakuten.co.jp/shop/saikyo-plan-reception/?shop_id=8332
楽天モバイル イオンモール猪名川店,8333,https://network.mobile.rakuten.co.jp/shop/saikyo-plan-reception/?shop_id=8333
楽天モバイル イオンモール水戸内原店,8335,https://network.mobile.rakuten.co.jp/shop/saikyo-plan-reception/?shop_id=8335
楽天モバイル 練馬店,8336,https://network.mobile.rakuten.co.jp/shop/saikyo-plan-reception/?shop_id=8336
Tecc LIFE SELECT 広島アルパーク店,8340,https://network.mobile.rakuten.co.jp/shop/saikyo-plan-reception/?shop_id=8340
テックランド ららぽーと福岡店,8341,https://network.mobile.rakuten.co.jp/shop/saikyo-plan-reception/?shop_id=8341
Tecc LIFE SELECT 高知本店,8342,https://network.mobile.rakuten.co.jp/shop/saikyo-plan-reception/?shop_id=8342
楽天モバイル じゃんぼスクエア河内長野店,8344,https://network.mobile.rakuten.co.jp/shop/saikyo-plan-reception/?shop_id=8344
楽天モバイル 大宮ステラタウン店,8345,https://network.mobile.rakuten.co.jp/shop/saikyo-plan-reception/?shop_id=8345
楽天モバイル 日吉東急アベニュー店,8346,https://network.mobile.rakuten.co.jp/shop/saikyo-plan-reception/?shop_id=8346
楽天モバイル イオンモール山形南店,8347,https://network.mobile.rakuten.co.jp/shop/saikyo-plan-reception/?shop_id=8347
楽天モバイル イトーヨーカドー郡山店,8348,https://network.mobile.rakuten.co.jp/shop/saikyo-plan-reception/?shop_id=8348
100満ボルト 福井南本店,8349,https://network.mobile.rakuten.co.jp/shop/saikyo-plan-reception/?shop_id=8349
楽天モバイル イオンタウン鈴鹿玉垣店,8350,https://network.mobile.rakuten.co.jp/shop/saikyo-plan-reception/?shop_id=8350
ケーズデンキ 東住吉中野店,8352,https://network.mobile.rakuten.co.jp/shop/saikyo-plan-reception/?shop_id=8352
ジョーシン コープリビング甲南店,8355,https://network.mobile.rakuten.co.jp/shop/saikyo-plan-reception/?shop_id=8355
ケーズデンキ 大河原店,8356,https://network.mobile.rakuten.co.jp/shop/saikyo-plan-reception/?shop_id=8356
ケーズデンキ 江別店,8357,https://network.mobile.rakuten.co.jp/shop/saikyo-plan-reception/?shop_id=8357
ケーズデンキ 発寒店,8358,https://network.mobile.rakuten.co.jp/shop/saikyo-plan-reception/?shop_id=8358
ケーズデンキ 平岸店,8359,https://network.mobile.rakuten.co.jp/shop/saikyo-plan-reception/?shop_id=8359
ケーズデンキ 厚別店,8360,https://network.mobile.rakuten.co.jp/shop/saikyo-plan-reception/?shop_id=8360
ケーズデンキ 苫小牧店,8361,https://network.mobile.rakuten.co.jp/shop/saikyo-plan-reception/?shop_id=8361
ケーズデンキ 室蘭モルエ店,8363,https://network.mobile.rakuten.co.jp/shop/saikyo-plan-reception/?shop_id=8363
楽天モバイル ゆめタウン久留米店,8364,https://network.mobile.rakuten.co.jp/shop/saikyo-plan-reception/?shop_id=8364
楽天モバイル イオンモール富士宮店,8366,https://network.mobile.rakuten.co.jp/shop/saikyo-plan-reception/?shop_id=8366
テックランド 静岡国吉田店,8367,https://network.mobile.rakuten.co.jp/shop/saikyo-plan-reception/?shop_id=8367
ベスト電器 岡山本店,8368,https://network.mobile.rakuten.co.jp/shop/saikyo-plan-reception/?shop_id=8368
Tecc LIFE SELECT 高松春日本店,8369,https://network.mobile.rakuten.co.jp/shop/saikyo-plan-reception/?shop_id=8369
Tecc LIFE SELECT 清田店,8370,https://network.mobile.rakuten.co.jp/shop/saikyo-plan-reception/?shop_id=8370
Tecc LIFE SELECT 松本本店,8371,https://network.mobile.rakuten.co.jp/shop/saikyo-plan-reception/?shop_id=8371
エディオン 清水店,8372,https://network.mobile.rakuten.co.jp/shop/saikyo-plan-reception/?shop_id=8372
エディオン 浜松半田店,8373,https://network.mobile.rakuten.co.jp/shop/saikyo-plan-reception/?shop_id=8373
ケーズデンキ 北上店,8374,https://network.mobile.rakuten.co.jp/shop/saikyo-plan-reception/?shop_id=8374
コジマ×ビックカメラ 富士店,8376,https://network.mobile.rakuten.co.jp/shop/saikyo-plan-reception/?shop_id=8376
ケーズデンキ 静岡駿河店,8378,https://network.mobile.rakuten.co.jp/shop/saikyo-plan-reception/?shop_id=8378
エディオン 宇品店,8380,https://network.mobile.rakuten.co.jp/shop/saikyo-plan-reception/?shop_id=8380
エディオン トキハ別府店,8381,https://network.mobile.rakuten.co.jp/shop/saikyo-plan-reception/?shop_id=8381
楽天モバイル ニトリモール枚方店,8384,https://network.mobile.rakuten.co.jp/shop/saikyo-plan-reception/?shop_id=8384
100満ボルト 金沢高柳店,8385,https://network.mobile.rakuten.co.jp/shop/saikyo-plan-reception/?shop_id=8385
ケーズデンキ 十和田店,8390,https://network.mobile.rakuten.co.jp/shop/saikyo-plan-reception/?shop_id=8390
エディオン アクロスプラザ三原店,8391,https://network.mobile.rakuten.co.jp/shop/saikyo-plan-reception/?shop_id=8391
楽天モバイル 藤沢店,8393,https://network.mobile.rakuten.co.jp/shop/saikyo-plan-reception/?shop_id=8393
楽天モバイル シンフォニープラザ沼館店,8397,https://network.mobile.rakuten.co.jp/shop/saikyo-plan-reception/?shop_id=8397
楽天モバイル 浅草店,8398,https://network.mobile.rakuten.co.jp/shop/saikyo-plan-reception/?shop_id=8398
テックランド 星ヶ丘店,8399,https://network.mobile.rakuten.co.jp/shop/saikyo-plan-reception/?shop_id=8399
テックランド イオンタウン成田富里店,8401,https://network.mobile.rakuten.co.jp/shop/saikyo-plan-reception/?shop_id=8401
楽天モバイル 名古屋栄大津通店,8402,https://network.mobile.rakuten.co.jp/shop/saikyo-plan-reception/?shop_id=8402
ベスト電器 イオン那覇店,8403,https://network.mobile.rakuten.co.jp/shop/saikyo-plan-reception/?shop_id=8403
ベスト電器 イオン南風原店,8404,https://network.mobile.rakuten.co.jp/shop/saikyo-plan-reception/?shop_id=8404
ベスト電器 福岡伊都店,8405,https://network.mobile.rakuten.co.jp/shop/saikyo-plan-reception/?shop_id=8405
ベスト電器 福岡太宰府店,8406,https://network.mobile.rakuten.co.jp/shop/saikyo-plan-reception/?shop_id=8406
ベスト電器 都城店,8407,https://network.mobile.rakuten.co.jp/shop/saikyo-plan-reception/?shop_id=8407
テックランド 芦屋店,8410,https://network.mobile.rakuten.co.jp/shop/saikyo-plan-reception/?shop_id=8410
楽天モバイル アリオ川口店,8411,https://network.mobile.rakuten.co.jp/shop/saikyo-plan-reception/?shop_id=8411
楽天モバイル 表参道店,8412,https://network.mobile.rakuten.co.jp/shop/saikyo-plan-reception/?shop_id=8412
楽天モバイル 中部国際空港セントレア店,8414,https://network.mobile.rakuten.co.jp/shop/saikyo-plan-reception/?shop_id=8414
楽天モバイル 東京ソラマチ店,8415,https://network.mobile.rakuten.co.jp/shop/saikyo-plan-reception/?shop_id=8415
Tecc LIFE SELECT 函館本店,8416,https://network.mobile.rakuten.co.jp/shop/saikyo-plan-reception/?shop_id=8416
テックランド 秋田本店,8418,https://network.mobile.rakuten.co.jp/shop/saikyo-plan-reception/?shop_id=8418
ケーズデンキ 仙台荒井店,8420,https://network.mobile.rakuten.co.jp/shop/saikyo-plan-reception/?shop_id=8420
Tecc LIFE SELECT 神戸垂水店,8421,https://network.mobile.rakuten.co.jp/shop/saikyo-plan-reception/?shop_id=8421
コジマ×ビックカメラ 宇都宮テラス店,8422,https://network.mobile.rakuten.co.jp/shop/saikyo-plan-reception/?shop_id=8422
テックランド 福井本店,8423,https://network.mobile.rakuten.co.jp/shop/saikyo-plan-reception/?shop_id=8423
家電住まいる館YAMADA新潟錦町本店,8424,https://network.mobile.rakuten.co.jp/shop/saikyo-plan-reception/?shop_id=8424
楽天モバイル イオン延岡SC店,8429,https://network.mobile.rakuten.co.jp/shop/saikyo-plan-reception/?shop_id=8429
楽天モバイル Galaxy Harajuku店,8430,https://network.mobile.rakuten.co.jp/shop/saikyo-plan-reception/?shop_id=8430
テックランド ビバホーム八王子多摩美大前店,8431,https://network.mobile.rakuten.co.jp/shop/saikyo-plan-reception/?shop_id=8431
YAMADA web.com 大垣店,8432,https://network.mobile.rakuten.co.jp/shop/saikyo-plan-reception/?shop_id=8432
テックランド 小山店,8433,https://network.mobile.rakuten.co.jp/shop/saikyo-plan-reception/?shop_id=8433
楽天モバイル 御影クラッセ店,8434,https://network.mobile.rakuten.co.jp/shop/saikyo-plan-reception/?shop_id=8434
ケーズデンキ 燕三条店,8435,https://network.mobile.rakuten.co.jp/shop/saikyo-plan-reception/?shop_id=8435
ケーズデンキ 松本宮田店,8436,https://network.mobile.rakuten.co.jp/shop/saikyo-plan-reception/?shop_id=8436
ケーズデンキ 富山本店,8437,https://network.mobile.rakuten.co.jp/shop/saikyo-plan-reception/?shop_id=8437
楽天モバイル 蔦屋書店フォレストモール佐久平店,8438,https://network.mobile.rakuten.co.jp/shop/saikyo-plan-reception/?shop_id=8438
楽天モバイル ネクスト船橋店,8439,https://network.mobile.rakuten.co.jp/shop/saikyo-plan-reception/?shop_id=8439
楽天モバイル イオンモール土岐店,8440,https://network.mobile.rakuten.co.jp/shop/saikyo-plan-reception/?shop_id=8440
ケーズデンキ 一関店,8441,https://network.mobile.rakuten.co.jp/shop/saikyo-plan-reception/?shop_id=8441
ケーズデンキ 佐沼店,8442,https://network.mobile.rakuten.co.jp/shop/saikyo-plan-reception/?shop_id=8442
ケーズデンキ 恵庭店,8443,https://network.mobile.rakuten.co.jp/shop/saikyo-plan-reception/?shop_id=8443
ケーズデンキ 滝川店,8444,https://network.mobile.rakuten.co.jp/shop/saikyo-plan-reception/?shop_id=8444
ケーズデンキ 那珂店,8445,https://network.mobile.rakuten.co.jp/shop/saikyo-plan-reception/?shop_id=8445
ケーズデンキ 湘南平塚本店,8446,https://network.mobile.rakuten.co.jp/shop/saikyo-plan-reception/?shop_id=8446
ジョーシン イオンモール土岐店,8447,https://network.mobile.rakuten.co.jp/shop/saikyo-plan-reception/?shop_id=8447
ビックカメラ 千葉駅前店,8448,https://network.mobile.rakuten.co.jp/shop/saikyo-plan-reception/?shop_id=8448
楽天モバイル イオンモール白山店,8449,https://network.mobile.rakuten.co.jp/shop/saikyo-plan-reception/?shop_id=8449
楽天モバイル ららぽーと堺店,8450,https://network.mobile.rakuten.co.jp/shop/saikyo-plan-reception/?shop_id=8450
ケーズデンキ 東広島店,8451,https://network.mobile.rakuten.co.jp/shop/saikyo-plan-reception/?shop_id=8451
テックランド 亀田店,8453,https://network.mobile.rakuten.co.jp/shop/saikyo-plan-reception/?shop_id=8453
Tecc LIFE SELECT 仙台あすと長町店,8455,https://network.mobile.rakuten.co.jp/shop/saikyo-plan-reception/?shop_id=8455
テックランド マーサ21店,8456,https://network.mobile.rakuten.co.jp/shop/saikyo-plan-reception/?shop_id=8456
テックランド ららぽーと堺店,8457,https://network.mobile.rakuten.co.jp/shop/saikyo-plan-reception/?shop_id=8457
楽天モバイル 神戸親和大学店,8458,https://network.mobile.rakuten.co.jp/shop/saikyo-plan-reception/?shop_id=8458
楽天モバイル 東急百貨店たまプラーザ店,8459,https://network.mobile.rakuten.co.jp/shop/saikyo-plan-reception/?shop_id=8459
ケーズデンキ 旭川春光店,8460,https://network.mobile.rakuten.co.jp/shop/saikyo-plan-reception/?shop_id=8460
ジョーシン 和歌山店,8461,https://network.mobile.rakuten.co.jp/shop/saikyo-plan-reception/?shop_id=8461
ケーズデンキ 佐伯店,8462,https://network.mobile.rakuten.co.jp/shop/saikyo-plan-reception/?shop_id=8462
エディオン 柳井店,8463,https://network.mobile.rakuten.co.jp/shop/saikyo-plan-reception/?shop_id=8463
ケーズデンキ 市原五井店,8464,https://network.mobile.rakuten.co.jp/shop/saikyo-plan-reception/?shop_id=8464
ジョーシン 水口店,8465,https://network.mobile.rakuten.co.jp/shop/saikyo-plan-reception/?shop_id=8465
楽天モバイル アリオ橋本店,8466,https://network.mobile.rakuten.co.jp/shop/saikyo-plan-reception/?shop_id=8466
エディオン 瀬谷店,8467,https://network.mobile.rakuten.co.jp/shop/saikyo-plan-reception/?shop_id=8467
楽天モバイル 成田国際空港 第1ターミナル中央4階店,8468,https://network.mobile.rakuten.co.jp/shop/saikyo-plan-reception/?shop_id=8468
楽天モバイル イオンモール八千代緑が丘店,8469,https://network.mobile.rakuten.co.jp/shop/saikyo-plan-reception/?shop_id=8469
ケーズデンキ 西宮えびす南店,8470,https://network.mobile.rakuten.co.jp/shop/saikyo-plan-reception/?shop_id=8470
YAMADA web.com 高崎問屋町店,8471,https://network.mobile.rakuten.co.jp/shop/saikyo-plan-reception/?shop_id=8471
ケーズデンキ 霧島店,8472,https://network.mobile.rakuten.co.jp/shop/saikyo-plan-reception/?shop_id=8472
エディオン 鹿児島国分山形屋店,8473,https://network.mobile.rakuten.co.jp/shop/saikyo-plan-reception/?shop_id=8473
Tecc LIFE SELECT 尼崎店,8474,https://network.mobile.rakuten.co.jp/shop/saikyo-plan-reception/?shop_id=8474
楽天モバイル イオンモール豊川店,8476,https://network.mobile.rakuten.co.jp/shop/saikyo-plan-reception/?shop_id=8476
楽天モバイル ららぽーとTOKYO-BAY店,8477,https://network.mobile.rakuten.co.jp/shop/saikyo-plan-reception/?shop_id=8477
楽天モバイル 立川フロム中武店,8478,https://network.mobile.rakuten.co.jp/shop/saikyo-plan-reception/?shop_id=8478
楽天モバイル 大宮マルイ店,8479,https://network.mobile.rakuten.co.jp/shop/saikyo-plan-reception/?shop_id=8479
楽天モバイル ヤエチカ店,8480,https://network.mobile.rakuten.co.jp/shop/saikyo-plan-reception/?shop_id=8480
楽天モバイル 柏高島屋ステーションモール店,8481,https://network.mobile.rakuten.co.jp/shop/saikyo-plan-reception/?shop_id=8481
ピーシーデポ スマートライフ世田谷砧店,8484,https://network.mobile.rakuten.co.jp/shop/saikyo-plan-reception/?shop_id=8484
ピーシーデポ スマートライフ平和台店,8485,https://network.mobile.rakuten.co.jp/shop/saikyo-plan-reception/?shop_id=8485
ピーシーデポ スマートライフ調布店,8486,https://network.mobile.rakuten.co.jp/shop/saikyo-plan-reception/?shop_id=8486
楽天モバイル ららぽーと門真店,8487,https://network.mobile.rakuten.co.jp/shop/saikyo-plan-reception/?shop_id=8487
Tecc LIFE SELECT 前橋吉岡店,8488,https://network.mobile.rakuten.co.jp/shop/saikyo-plan-reception/?shop_id=8488
LABI 藤沢店,8489,https://network.mobile.rakuten.co.jp/shop/saikyo-plan-reception/?shop_id=8489
Tecc LIFE SELECT 狭山店,8491,https://network.mobile.rakuten.co.jp/shop/saikyo-plan-reception/?shop_id=8491
Tecc LIFE SELECT 野々市御経塚店,8492,https://network.mobile.rakuten.co.jp/shop/saikyo-plan-reception/?shop_id=8492
楽天モバイル 十条店,8493,https://network.mobile.rakuten.co.jp/shop/saikyo-plan-reception/?shop_id=8493
モバワン 赤羽店,8494,https://network.mobile.rakuten.co.jp/shop/saikyo-plan-reception/?shop_id=8494
モバワン 伊勢佐木モール店,8496,https://network.mobile.rakuten.co.jp/shop/saikyo-plan-reception/?shop_id=8496
エディオン 横浜西口本店,8497,https://network.mobile.rakuten.co.jp/shop/saikyo-plan-reception/?shop_id=8497
楽天モバイル ミスターマックス湘南藤沢店,8498,https://network.mobile.rakuten.co.jp/shop/saikyo-plan-reception/?shop_id=8498
楽天モバイル あびこショッピングプラザ店,8499,https://network.mobile.rakuten.co.jp/shop/saikyo-plan-reception/?shop_id=8499
楽天モバイル 上大岡camio店,8500,https://network.mobile.rakuten.co.jp/shop/saikyo-plan-reception/?shop_id=8500
T&T MOBILE SHOP,8501,https://network.mobile.rakuten.co.jp/shop/saikyo-plan-reception/?shop_id=8501
NAGOYA MOBILE伏見,8502,https://network.mobile.rakuten.co.jp/shop/saikyo-plan-reception/?shop_id=8502
OSAKA MOBILEなんば,8503,https://network.mobile.rakuten.co.jp/shop/saikyo-plan-reception/?shop_id=8503
ジョーシン イオンモール太田店,8504,https://network.mobile.rakuten.co.jp/shop/saikyo-plan-reception/?shop_id=8504
エディオン ガーデンズ千早東店,8505,https://network.mobile.rakuten.co.jp/shop/saikyo-plan-reception/?shop_id=8505
楽天モバイル イオンモール京都桂川店,8506,https://network.mobile.rakuten.co.jp/shop/saikyo-plan-reception/?shop_id=8506
モバワン 志木新座店,8507,https://network.mobile.rakuten.co.jp/shop/saikyo-plan-reception/?shop_id=8507
ケーズデンキ 松本本店,8508,https://network.mobile.rakuten.co.jp/shop/saikyo-plan-reception/?shop_id=8508
楽天モバイル キャラバンカー1号店,9901,https://network.mobile.rakuten.co.jp/shop/saikyo-plan-reception/?shop_id=9901
楽天モバイル 訪問販売店,9906,https://network.mobile.rakuten.co.jp/shop/saikyo-plan-reception/?shop_id=9906
楽天モバイル 電話契約店,9990,https://network.mobile.rakuten.co.jp/shop/saikyo-plan-reception/?shop_id=9990
楽天モバイル 郵便局店,jp9999,https://network.mobile.rakuten.co.jp/shop/saikyo-plan-reception/?shop_id=jp9999