ショップ名,店舗コード
楽天モバイル　二子玉川店,0131
楽天イーグルスグッズショップ 仙台駅東口店内,0121
楽天モバイル 心斎橋店,0141
楽天モバイル 神戸三宮店,0161
楽天モバイル 名古屋栄店,0171
楽天モバイル 銀座店,0181
楽天モバイル ジョーシン大日イオンモール店,0501
楽天モバイル ジョーシン四條畷イオンモール店,0511
楽天モバイル ジョーシン浦和美園イオンモール店,0521
楽天モバイル エディオン豊田本店,0701
楽天モバイル ジョーシン西宮ガーデンズ店,0611
楽天モバイル エディオン伊丹店,0751
楽天モバイル エディオン広島本店,0711
楽天モバイル エディオン倉敷本店,0781
楽天モバイル ジョーシン郡山イオンモール店,0591
楽天モバイル ジョーシン登美ヶ丘イオンモール店,0601
楽天モバイル ジョーシンJ&Pテクノランド,0571
楽天モバイル エディオン中環東大阪店,0771
楽天モバイル ジョーシン大高イオンモール店,0621
楽天モバイル ジョーシン桂川イオンモール店,0541
楽天モバイル ジョーシン草津イオンモール店,0551
楽天モバイル エディオンサントムーン柿田川店,0761
楽天モバイル エディオン安城店,0721
楽天モバイル ジョーシン羽生イオンモール店,0531
楽天モバイル アピタ稲沢店 モバイルコーナー,1221
楽天モバイル ジョーシン板橋前野店,1141
楽天モバイル ジョーシンアリオ倉敷店,1161
エディオン　イオンモール浜松志都呂店,1201
楽天モバイル ジョーシン伏見店,1171
楽天モバイル ジョーシン泉南イオンモール店,1181
楽天モバイル エディオン松山本店,1211
楽天モバイル ジョーシン富山本店,1191
ケーズデンキ水戸本店（楽天モバイル取扱店）,1241
ケーズデンキつくば研究学園店（楽天モバイル取扱店）,1251
ケーズデンキ東京ベイサイド新浦安店（楽天モバイル取扱店）,1261
ケーズデンキ仙台北店（楽天モバイル取扱店）,1331
楽天モバイル　福岡天神地下街店,0201
ケーズデンキ八戸本店（楽天モバイル取扱店）,1341
ケーズデンキ札幌麻生店（楽天モバイル取扱店）,1351
ケーズデンキ月寒店（楽天モバイル取扱店）,1361
TI MOBILE　田無店,1411
ケーズデンキ長野本店（楽天モバイル取扱店）,1381
楽天モバイル　立川フロム中武店,1441
ケーズデンキインターパーク宇都宮店（楽天モバイル取扱店）,1391
ケーズデンキピオニウォーク東松山店（楽天モバイル取扱店）,1401
100満ボルト　金沢本店,1471
エディオン　那覇メインプレイス店,1461
ケーズデンキ越谷レイクタウン店（楽天モバイル取扱店）,1531
ケーズデンキ小田原店（楽天モバイル取扱店）,1541
ジョーシン　姫路大津イオンモール店,1561
楽天モバイル　池袋　サンシャイン通り店,1591
ジョーシン　明和イオンモール店,1571
ゲオ　那覇新都心店,1521
ゲオ　沖縄美里店,1511
ジョーシン　福井本店,1581
楽天モバイル　広島　ゆめタウン広島店,1601
ジョーシン　亀貝店,1611
ケーズデンキ名古屋みなと店（楽天モバイル取扱店）,1641
ゲオ　笠懸店,1501
ゲオ　アミュプラザおおいた店,1631
楽天モバイル　新静岡 駅前店,1671
ジョーシン　アリオ川口店,1651
楽天モバイル　柏　高島屋ステーションモール店,1691
ジョーシン　津城山イオンタウン店,1681
ゲオ　函館昭和店,1621
ゲオモバイル　時津店,1701
モバワン　日暮里店,1741
ケーズデンキ　ガーデンシティ垂水店（楽天モバイル取扱店）,1761
ケーズデンキ　浜松市野店　（楽天モバイル取扱店）,1771
ケーズデンキ　甲府店,1781
ゲオモバイル　札幌狸小路4丁目店,1801
ケーズデンキ　鹿児島本店　（楽天モバイル取扱店）,1811
ゲオモバイル　名古屋大須新天地通店,1841
楽天モバイル　姫路　グランフェスタ店,1851
ケーズデンキ　高松本店　（楽天モバイル取扱店）,1861
楽天モバイル　鶴舞　イオンタウン千種店,1871
ゲオ　フレスポ八潮店,1891
ゲオ　掛川大池店,1901
ビックカメラ　札幌店,1921
モバワン　新前橋店,1911
ゲオ　春日井インター店,1941
楽天モバイル　調布駅前店,1951
楽天モバイル　秋田　イオンモール秋田店,1931
楽天モバイル　モレラ岐阜店,1971
楽天モバイル　センター南　サウスウッド店,1961
楽天モバイル 横須賀中央 駅前店,2001
楽天モバイル 大泉学園店,2011
楽天モバイル　ららぽーと湘南平塚店,2021
楽天モバイル　ららぽーとTOKYO-BAY店,2031
ケーズデンキ　山形北本店,2111
楽天モバイル　ららぽーと海老名店,2041
楽天モバイル 町田 ジョルナ店,2061
ケーズデンキ　会津若松本店,2121
楽天モバイル　吉祥寺サンロード店,2071
楽天モバイル　小松　イオンモール新小松店,2051
楽天モバイル　錦糸町　テルミナ店,2131
楽天モバイル　ジョーシンギア各務原イオンモール店,2091
ケーズデンキ　千葉ニュータウン店,2141
エディオン蔦屋家電,2231
エディオン　イオンモール長久手店,2251
楽天モバイル京都 新京極通り店,2151
楽天モバイル　東京　八重洲地下街店,2161
楽天モバイル　千里中央 イオンSENRITO店,2181
楽天モバイル　イオンモール徳島店,2201
楽天モバイル　グランツリー武蔵小杉店,2211
ケーズデンキ　ふじみ野店,2321
楽天モバイル　梅田　阪急三番街店,2171
楽天モバイル　中野サンモール店,2221
エディオン　東広島本店,2271
エディオン　福山本店,2281
ビバシティ平和堂店,2301
エディオン　長崎本店,2351
ジョーシン　外環八尾店,2341
エディオン　宮崎本店,2331
ゲオ　並木店,2371
ゲオ　旭川大町店,2381
ビックカメラ　AKIBA,2411
楽天モバイル　葛西店,7764
エディオン　イオンモール　福津店,2261
楽天モバイル　ミスターマックス湘南藤沢店,2401
ジョーシン　東員イオンモール店,2431
ケーズデンキ　前橋川曲店,2421
ジョーシン　和歌山北店,2441
ジョーシン　中山寺店,2461
ジョーシン　上越店,2471
ケーズデンキ　アリオ鳳店,2481
ケーズデンキ　昭島店,2491
ゲオモバイル　博多駅筑紫口店,2571
ケーズデンキ　仙台太白,2501
ケーズデンキ　HAT神戸店,2511
ケーズデンキ　奥州水沢店,2521
ジョーシン　相模原小山店,2541
ゲオ　帯広ドリームタウン店,2581
エディオン　豊川店,2611
エディオン　JR尼崎駅店,2621
楽天モバイル　くずはモール店,2531
楽天モバイル　自由が丘店,2591
楽天モバイル　イオンモール岡山店,2551
楽天モバイル　草加マルイ店,2641
楽天モバイル　西武東戸塚店,2651
楽天モバイル　新宿サブナード店,2681
楽天モバイル　千葉そごう店,2701
ジョーシン　神戸南イオンモール店,2661
楽天モバイル　ポールタウン札幌店,5821
楽天モバイル　イオンモール常滑店,2731
楽天モバイル　ララガーデン春日部店,2721
楽天モバイル　蒲田店,2751
楽天モバイル　モラージュ菖蒲店,2781
楽天モバイル　大宮マルイ店,2771
楽天モバイル　ニットーモール熊谷店,2791
ケーズデンキ　旭川大雪通店,2801
ケーズデンキ　鶴ケ島インター店,2811
楽天モバイル所沢プロぺ通り店,2821
ケーズデンキ　たつのこまち龍ヶ崎モール店,2841
ジョーシン　富山南店,2831
100満ボルト　松江本店,2871
エディオン　山口本店,2861
ケーズデンキ　高知駅前店,2891
ケーズデンキ　川越店,2901
ケーズデンキ　府中本店,2921
ケーズデンキ　稲城若葉台店,2931
ケーズデンキ　たまプラーザ店,2941
楽天モバイル　イオンモール木更津店,7765
ケーズデンキ　ひたち野うしく店,2951
ケーズデンキ シーサイドひたちなか店,2961
ケーズデンキ 神栖店,2971
エディオン　米子店,2991
ケーズデンキ パークプレイス大分本店,2911
楽天モバイル　ららぽーと和泉店,6471
楽天モバイル　イオンモール座間店,3021
ジョーシン　市川大野店,3081
エディオン　ららぽーと新三郷店,3111
エディオン　メッツ大曽根店,3141
楽天モバイル　松山　大街道店,3031
エディオン　神戸北町店,3121
ケーズデンキ 青梅店,3051
ケーズデンキ 太田店,3071
ケーズデンキ 茂原本店,3041
ケーズデンキ おゆみ野店,3061
エディオン　呉本店,3151
ジョーシン　西宮今津店,3101
ジョーシン　富田林店,3091
エディオン　クロスガーデン富士中央店,3131
エディオン　岡崎本店,0731
エディオン　具志川メインシティ店,3191
ジョーシン　高岡店,3261
ジョーシン　斑鳩店,3241
ジョーシン　燕三条店,3221
ジョーシン　宇治店,3211
エディオン　一宮本店,0741
楽天モバイル　博多駅地下街店,3201
楽天モバイル　天王寺　あべのキューズモール店,3181
エディオン　豊橋店,3341
ケーズデンキ　高槻店,3271
ケーズデンキ　弘前本店,3281
ケーズデンキ　仙台南店,3291
ケーズデンキ　盛岡南店,3301
ケーズデンキ　秋田中央店,3311
ケーズデンキ　函館本店,3321
ケーズデンキ　近江八幡店,3331
エディオン　西尾店,3361
ケーズデンキ　オーツーパーク稲毛店,3371
ビックカメラ　藤沢店,3351
ジョーシン　加古川店,3381
ジョーシン　平野うりわり店,3391
ジョーシン　伊丹昆陽イオンモール店,3401
エディオン　藤枝店,3441
ケーズデンキ　足立店,3411
ケーズデンキ　向日町店,3431
ケーズデンキ　尼崎店,3421
ジョーシン　大垣イオンモール店,3471
楽天モバイル　イオンモールいわき小名浜店,6891
エディオン　豊中店,3461
ジョーシン　亀岡店,3481
エディオン　鹿児島南店,3451
エディオン　イオンモール鈴鹿店,3501
ジョーシン　近江今津店,3571
エディオン　西宮店,3561
ケーズデンキ　入間店,3521
ケーズデンキ　上尾店,3541
ケーズデンキ　星川店,3531
コジマ×ビックカメラ成城店,3551
楽天モバイル　イオン岡崎南店,3681
エディオン　ゆめタウン宇部店,3511
ジョーシン　多治見店,3621
エディオン　津山本店,3581
ジョーシン　長岡愛宕店,3721
ケーズデンキ　仙台港店,3701
ケーズデンキ　みどり店,3711
コジマ×ビックカメラ柏店,3601
コジマ×ビックカメラ梶ヶ谷店,3591
楽天モバイル 入間店,3691
コジマ×ビックカメラ静岡店,3661
ケーズデンキ　岐阜宇佐店,3751
楽天モバイル 大船店,7766
ジョーシン　クロスモール豊川店,3821
ジョーシン　木曽川イオンモール店,3811
ジョーシン　船橋イオンモール店,3831
エディオン　イオン秦野店,3641
ジョーシン　稲沢店,3911
ジョーシン　新大阪店,3881
ジョーシン　東大阪店,3891
ジョーシン　東香里店,3901
100満ボルト　福井本店,3761
エディオン　飯田インター店,3771
ビックカメラ　天神2号館,3631
コジマ×ビックカメラ　新座店,3611
コジマ×ビックカメラ　南砂町SUNAMO店,3671
エディオン　御影店,3841
ジョーシン　和泉中央店,3741
ビックカメラ　ラゾーナ川崎店,3651
ケーズデンキ　福山駅家店,3851
ビックカメラ　JR京都駅店,3921
ビックカメラ　浜松店,3931
エディオン　廿日市店,3941
エディオン　イオンモール熊本店,3951
エディオン　モザイクモール港北店,3961
エディオン　横浜店,3971
ケーズデンキ　久留米店,3861
エディオン　尾張旭店,3981
エディオン　経塚シティ店,4041
ケーズデンキ　東仙台店,3991
ケーズデンキ　大崎古川店,4001
ケーズデンキ　多摩ニュータウン店,4011
エディオン　ゆめタウン高松店,4051
ケーズデンキ　三田ウッディタウン店,4021
エディオン　イオンタウン刈谷店,4061
ケーズデンキ　松山藤原店,4141
ケーズデンキ　藍住店,4151
ケーズデンキ　鹿屋店,4191
ケーズデンキ　中津店,4031
ジョーシン　三国ヶ丘店,4101
ジョーシン　外環柏原店,4081
ジョーシン　名谷ダイエー店,4091
エディオン　高槻宮田店,4071
エディオン　垂水店,4171
100満ボルト　札幌清田店,4161
エディオン　おしくま店,4231
ケーズデンキ　福島南本店,4221
コジマ×ビックカメラ　江北駅前店,4271
ジョーシン　松戸店,4121
ジョーシン　厚木下荻野店,4111
ジョーシン　アピタ長久手店,4131
エディオン　ニッケパークタウン店,4181
エディオン　円町店,4201
エディオン　東川原店,4241
ケーズデンキ　春日店,4301
ビックカメラ　船橋東武店,4341
エディオン　三島店,4391
ビックカメラ　岡山駅前店,4351
ビックカメラ　鹿児島中央駅店,4361
ジョーシン　明石店,4211
楽天モバイル　高松丸亀町店,4371
コジマ×ビックカメラ　葛飾店,4281
コジマ×ビックカメラ　江戸川店,4291
ケーズデンキ　岡山大安寺店,4421
ケーズデンキ　女池インター店,4441
ケーズデンキ　金沢本店,4451
エディオン　西原シティ店,4411
エディオン　イオンモール扶桑店,4401
コジマ×ビックカメラ　用賀店,4251
コジマ×ビックカメラ　池上店,4261
楽天モバイル　ららぽーと新三郷店,7767
エディオン　八幡西店,4471
エディオン　可児今渡店,4481
エディオン　サンリブシティくまなん店,4501
ケーズデンキ　青森本店,4461
ケーズデンキ　石巻本店,4431
エディオン　八尾南店,4491
エディオン　大津一里山店,4511
エディオン　小田井モゾワンダーシティ店,4551
ジョーシン　淡路店,4521
ケーズデンキ　新潟河渡店,4601
ケーズデンキ　名古屋北店,4611
エディオン　泉北店,4541
エディオンイオンモール名古屋茶屋店,4561
ケーズデンキ　むつ店,4621
ビックカメラ 名古屋駅西店,4681
ケーズデンキ　美濃加茂店,4631
ケーズデンキ　浜松入野店,4641
ケーズデンキ　一社店,4661
ケーズデンキ　酒田店,4671
エディオン　千音寺アズパーク店,4731
エディオン　高辻シャンピアポート店,4741
ビックカメラ　新潟店,4651
ビックカメラ　相模大野駅店,4691
コジマ×ビックカメラ　アクロスプラザ三芳店,4701
コジマ×ビックカメラ　イオンモール広島府中店,4711
コジマ×ビックカメラ　茨木店,4311
コジマ×ビックカメラ　西友ひばりヶ丘店,4721
楽天モバイル　金沢フォーラス店,4571
ジョーシン　豊中インター店,4531
楽天モバイル　伊勢佐木モール店,4581
ジョーシン　一ツ木店,4751
ジョーシン　豊岡店,4761
エディオン　佐賀本店,4901
エディオン　天白店,4881
エディオン　もりのみや店,4891
エディオン　桑名店,4921
エディオン　イオンモール新居浜店,4911
エディオン　アルパーク南店,4971
楽天モバイル　イオンモール盛岡南店,6881
楽天モバイル　ららぽーと磐田店,4961
エディオン　イオンモール福岡店,4791
楽天モバイル　イオンモール日の出店,4771
楽天モバイル　ららぽーと富士見店,4591
楽天モバイル　長岡古正寺店,4831
楽天モバイル　前橋みなみモール店,4821
エディオン　四日市日永店,4941
エディオン　八木店,4981
コジマ×ビックカメラ　イオンモール名取店,4931
コジマ×ビックカメラ　宇都宮本店,4991
ジョーシン　神戸北町店,4781
エディオン　イオンモール浜松市野店,5051
エディオン　イオンモール津南店,4871
楽天モバイル　河渡店,4851
楽天モバイル　高田西店,4841
楽天モバイル　イオンモール長久手店,4951
エディオン　イオンモール堺北花田店,5041
エディオン　ららぽーとEXPOCITY店,5191
楽天モバイル　つかしん店,4811
エディオン　名古屋本店,5171
楽天モバイル　長野川中島店,5071
楽天モバイル　蔦屋書店　新潟万代店,5081
楽天モバイル　八王子みなみ野店,5101
エディオン　イオンモール和歌山店,5131
エディオン　イオンモール神戸北店,5221
エディオン　京橋店,5261
楽天モバイル　新潟ラブラ店,5061
ジョーシン　伊勢ララパーク店,5231
楽天モバイル　蔦屋書店　小出店,5121
楽天モバイル　本庄早稲田店,5141
楽天モバイル　伊勢崎宮子店,5211
エディオン　六地蔵MOMOテラス店,5251
エディオン　新下関店,5241
コジマ×ビックカメラマークイズ福岡ももち店,5111
ジョーシン　三田ウッディタウン店,5181
ジョーシン　川西イオンタウン店,5201
楽天モバイル　八王子楢原店,5311
エディオン　泉大津店,5301
楽天モバイル　竹ノ塚店,5321
楽天モバイル　あまがさきキューズモール店,5291
楽天モバイル　アクロスプラザ富沢西店,5281
楽天モバイル　竹尾インター店,5161
エディオン　下中野店,5451
エディオン　京都ファミリー店,5441
エディオン　知立店,5461
エディオン　都城吉尾店,5411
100満ボルト　帯広本店,5331
楽天モバイル　滑川店,5271
楽天モバイル　伊勢崎茂呂店,5351
楽天モバイル　川島インター店,5361
エディオン　東淡路店,5341
エディオン　多治見インター店,5401
エディオン　岩国店,5471
エディオン　松本なぎさ店,5481
エディオン　大山シティ店,5521
エディオン　周南本店,5511
ビックカメラ　大宮西口そごう店,5021
ビックカメラ　広島駅前店,5031
エディオン　佐世保店,5431
ケーズデンキ　埼大通り店,5371
楽天モバイル　新潟中央インター店,5391
コジマ×ビックカメラ イオンモール堺鉄砲町店,5491
コジマ×ビックカメラ 西友二俣川店,5501
楽天モバイル　佐久小諸店,4861
コジマ×ビックカメラ 志村店,4331
コジマ×ビックカメラ 大東店,4321
楽天モバイル　ゆめタウン佐賀店,5581
楽天モバイル　津田沼店,5571
楽天モバイル　大森駅前店,5531
楽天モバイル　新発田店,5591
楽天モバイル　北千住店,5641
楽天モバイル　イオンモール多摩平の森店,5541
楽天モバイル　新小岩ルミエール店,5691
楽天モバイル　柏崎岩上店,5611
楽天モバイル　須坂店,5631
楽天モバイル　上田大屋店,5621
楽天モバイル　イオンモール松本店,5661
楽天モバイル　京橋店,5671
楽天モバイル　イオンモール千葉ニュータウン店,7768
楽天モバイル　リヴィンよこすか店,5711
楽天モバイル　ジョイナステラス二俣川店,5791
楽天モバイル　イオンモール茨木店,5551
ビックカメラ 横浜西口店,5771
ビックカメラ 柏店,5781
楽天モバイル　イオンモール神戸北店,5731
楽天モバイル　おのだサンパーク店,5741
楽天モバイル　イオンモール宮崎店,5721
楽天モバイル　横浜ジョイナス店,5801
ビックカメラ　町田店,5681
ケーズデンキ　クロスモール富田林店,5701
楽天モバイル　レイクタウンmori店,5561
楽天モバイル　イオンモール堺鉄砲町店,5751
楽天モバイル　イオンモール京都五条店,5761
LABI1 LIFE SELECT 高崎,5841
LABI1 日本総本店 池袋,5831
楽天モバイル　なんばウォーク店,5901
楽天モバイル　イオンモールナゴヤドーム前店,5981
楽天モバイル　イオンモールむさし村山店,5911
楽天モバイル宇都宮　インターパークビレッジ店,5881
楽天モバイル　アリオ八尾店,5941
ケーズデンキ　市川インター店,5891
LABI 品川大井町,5851
ヤマダ電機 テックランド札幌発寒店,5871
楽天モバイル　イオンモール福津店,6011
ケーズデンキ　湘南藤沢店,5931
ケーズデンキ　川崎野川店,5921
ビックカメラ　なんば店,6001
楽天モバイル　PRONTO名鉄岐阜駅店,5991
ビックカメラ　新横浜店,6051
楽天モバイル　西友　長岡店,5951
コジマ×ビックカメラ　イオンモール沖縄ライカム店,6081
楽天モバイル　清瀬店,6041
楽天モバイル　下北沢店,6141
楽天モバイル　十三駅前路面店,5971
コジマ×ビックカメラ　卸団地店,6091
コジマ×ビックカメラ　港北東急SC店,6101
コジマ×ビックカメラ　函館店,6111
ヤマダ電機 LABI 上大岡,5861
楽天モバイル　諏訪中洲店,5601
ビックカメラ　渋谷東口店,6071
コジマ×ビックカメラ　甲府バイパス店,6121
楽天モバイル　イオンモール成田店,7769
楽天モバイル　イーアス高尾店,6061
楽天モバイル　渋谷公園通り店,0111
ビックカメラ　あべのキューズモール店,6181
楽天モバイル　イオンモール東浦店,6221
楽天モバイル　イオンモール名取店,6151
楽天モバイル　パークプレイス大分店,6211
楽天モバイル　イオンモール筑紫野店,6171
コジマ×ビックカメラ　ららぽーとTOKYO-BAY店,6241
楽天モバイルイオンモール春日部店,6021
コジマ×ビックカメラ　イオン西岡店,6251
楽天モバイル　イオンモールつくば店,6031
エディオン　イオンモール橿原店,6321
ビックカメラ　池袋本店パソコン館,6261
楽天モバイル 池袋東口店,6231
ヤマダ電機 LABI 名古屋,6331
ケーズデンキ　カナートモール和泉府中店,6201
ヤマダ電機 LABI LIFE SELECT 自由が丘,6311
ビックカメラ　渋谷ハチ公口店,6281
ビックカメラ　池袋西口店,6271
コジマ×ビックカメラ　広島インター緑井店,6301
ビックカメラ　京王調布店,6291
楽天モバイル　イオンモール甲府昭和店,7770
楽天モバイル　赤羽店,7771
ビックカメラ　新宿西口店,6371
ビックカメラ　高崎東口店,6381
ビックカメラ　新宿東口駅前店,6361
楽天モバイル　ならファミリー店,6351
楽天モバイル　イオンモール和歌山店,6341
ケーズデンキ　アクロスプラザ八尾店,6191
コジマ×ビックカメラ　熊谷店,6431
ビックカメラ　名古屋JRゲートタワー店,6391
ヤマダ電機 LABI 三宮,6441
楽天モバイル イオンモール草津店,6461
ビックカメラ　立川店,6401
ビックカメラ 聖蹟桜ヶ丘駅店,6481
ビックカメラ 赤坂見附駅店,6451
エディオン なんば本店,6491
楽天モバイル イオンモール久御山店,6501
楽天モバイル 阿佐ヶ谷店,6521
楽天モバイル イオンモール幕張新都心店,6511
ジョーシン高槻店,6551
楽天モバイル イオンモール大阪ドームシティ店,6541
楽天モバイル セブンパークアリオ柏店,6531
ヤマダ電機 LABI 渋谷,6641
ヤマダ電機 LABI 新宿東口館,6631
ビックカメラ水戸駅店,6621
楽天モバイル 仙台一番町店,6791
楽天モバイル ゆめタウン光の森店,6671
楽天モバイル 沖縄パルコシティ店,6681
楽天モバイル　イオンモール鶴見緑地,6591
楽天モバイル イオンモール大垣店,6581
楽天モバイル　岸和田カンカンベイサイドモール店,6571
ヤマダ電機 LABI LIFE SELECT 千里,6661
ヤマダ電機 LABI1 なんば,6651
楽天モバイル イオンモール高岡店,6611
ビックカメラ 天神1号館,6731
ケーズデンキ 熊本中央店,6561
ビックカメラアリオ八尾店,6751
ケーズデンキ　郡山本店,6741
ヤマダ電機 テックランド長崎本店,6781
ヤマダ電機 Concept LABI TOKYO,6701
ヤマダ電機 LABI 新橋,6691
ヤマダ電機 テックランド横浜本店,6711
楽天モバイル 西荻窪店,6771
楽天モバイル イオンモール東員店,6601
コジマ×ビックカメラ 相模原店,6801
ビックカメラ 船橋駅FACE店,6811
コジマ×ビックカメラ 横須賀店,6821
楽天モバイル　四日市駅前店,6761
コジマ×ビックカメラ 那覇店,6831
楽天モバイル 川崎ゼロゲート店,6161
楽天モバイル イオンモール伊丹昆陽店,6871
楽天モバイル　イオンモール土浦店,6841
楽天モバイル ユニモちはら台店,6951
ヤマダ電機 ツクモ秋葉原駅前店,6911
ケーズデンキ いわき鹿島店,6861
ヤマダ電機 LABI 津田沼,6921
楽天モバイル　ららぽーと甲子園店,6851
楽天モバイル　シーモール下関店,6901
ヤマダ電機 LABI 広島,6931
ヤマダ電機 LABI LIFE SELECT 立川,6941
コジマ×ビックカメラ イオンモールいわき小名浜店,6961
楽天モバイル 五反田駅前店,6991
楽天モバイル　広島本通り店,6981
楽天モバイル　ゆめタウン出雲店,6971
ヤマダ電機 LABI 吉祥寺,7021
楽天モバイル アドバンスモール松阪店,7051
楽天モバイル 三軒茶屋店,7141
ビックカメラ イトーヨーカドーたまプラーザ店,7011
楽天モバイル　神戸ハーバーランドumie店,7041
エディオン 新鳥取本店,7101
エディオン イオンタウン弥富店,7091
エディオン 為又シティ店,7121
ヤマダ電機 テックランド東広島店,7031
ケーズデンキ 奈良柏木店,7081
ケーズデンキ インターヴィレッジ大曲店,7071
ビックロ　ビックカメラ新宿東口店,7111
エディオン 諫早店,7131
楽天モバイル　イオンモール木曽川店,7181
楽天モバイル　聖蹟桜ヶ丘OPA店,7191
楽天モバイル　フェアモール福井大和田店,7151
楽天モバイル 京王橋本店,7201
楽天モバイル　アクロスモール新鎌ヶ谷店,7161
楽天モバイル　アリオ北砂店,7211
楽天モバイル サクラマチ熊本店,7061
楽天モバイル 八王子店,7231
家電住まいる館YAMADA福岡志免本店,7251
ヤマダ電機 テックランド平和台駅前店,7241
楽天モバイル　イオンモール浜松志都呂店,7221
楽天モバイル 川口店,7261
楽天モバイル　高槻センター街店,7281
楽天モバイル イオンモール新瑞橋店,7001
楽天モバイル　溝の口店,7301
楽天モバイル ららぽーと沼津店,7271
楽天モバイル　テラスモール松戸店,7331
楽天モバイル　ファボーレ店,7321
楽天モバイル イオンモール姫路大津店,7311
楽天モバイルららぽーと立川立飛店,7341
楽天モバイル ベイシア佐倉店,7391
楽天モバイル 稲毛店,7371
楽天モバイル　ららぽーとEXPOCITY店,7361
ビックカメラ 所沢駅店,7351
楽天モバイル 長崎浜町店,7381
ビックカメラ 有楽町店,7421
楽天モバイル アリオ西新井店,7401
楽天モバイル ハッピーロード大山店,7772
楽天モバイル mozoワンダーシティ店,7431
楽天モバイル ドン・キホーテ函館店,7451
楽天モバイル 川越クレアモール店,7441
楽天モバイル 恵比寿店,7291
楽天モバイル 武蔵小山店,7773
ビックカメラ 日本橋三越,7471
ビックカメラ JR八王子駅店,7501
ケーズデンキ 広島本店,7481
楽天モバイル　京都四条通店,7511
ビックカメラ 池袋本店,7491
楽天モバイル ニッケコルトンプラザ市川店,7521
楽天モバイル 福岡天神西通り店,7581
ららぽーと 愛知東郷店,7701
ビバモール 寝屋川店,7729
楽天モバイル イオンモール橿原店,7741
楽天モバイル 港南台バーズ店,7742
楽天モバイル セントシティ北九州小倉店,7746
楽天モバイル ららぽーと横浜店,7748
楽天モバイル イオンモール鹿児島店,7751
楽天モバイル イオンモール川口店,7755
楽天モバイル 流山おおたかの森S.C店,7757
楽天モバイル コクーンシティ店,7758
楽天モバイル 昭島モリタウン店,7774
楽天モバイル 東急プラザ戸塚店,7778
楽天モバイル イオンモール東久留米店,7781
楽天モバイル 巣鴨店,7792
楽天モバイル 綾瀬店,7793
楽天モバイル イオンモール福岡店,7796
楽天モバイル ブルメール舞多聞店,7780
楽天モバイル 日暮里店,7800
楽天モバイル イオンモール上尾店,7801
楽天モバイル ダイナシティ小田原店,7815
楽天モバイル 荻窪店,7827
楽天モバイル ビバモール美原南インター店,7828
楽天モバイル ゆめタウン高松店,7829
楽天モバイル 府中店,7830
楽天モバイル イオンモール沖縄ライカム店,7831
エディオン,ed9999
ジョーシン,js9999
ビック/コジマ,bk9999
丸紅テレコム株式会社,mb9999
株式会社プラザクリエイト,pl9999　
アイ・ティー・エックス株式会社,it9999
Ｌ１日本総本店池袋,ym0007
Ｌ１なんば,ym0366
ＳＤＬＡＢＩ三宮,ym0579
ＬＡＢＩＬＩＦＥ千里,ym0988
ＬＡＢＩ品川大井町店,ym0468
ＬＡＢＩ渋谷,ym1020
Ｌ１ＬＩＦＥ高崎,ym0124
ＬＡＢＩ新宿東口館,ym1060
Ｙ家住福岡志免本店,ym1028
ＬＡＢＩ上大岡,ym1061
ＬＡＢＩ名古屋,ym1130
ＬＡＢＩ新宿西口館,ym1100
Ｙ家住港北センター店,ym0193
Ｔ横浜本店,ym0194
Ｂ佐賀本店,ym2119
Ｔ札幌屯田店,ym0224
ＬＡＢＩＬＩＦＥ立川,ym0805
Ｙ家住福岡香椎本店,ym0354
ＬＡＢＩ津田沼,ym0993
ＬＡＢＩ仙台,ym0399
Ｔ長崎本店,ym0246
ＬＡＢＩ新橋,ym1021
ＬＡＢＩ広島,ym0300
ＬＡＢＩ秋葉原パソコ,ym0853
Ｙ家住坂戸店,ym0038
Ｙ家住新座野火止店,ym3005
Ｙ家住春日部本店,ym1029
Ｙ家住静岡国吉田店,ym0334
Ｔ博多本店,ym0154
ＬＡＢＩ自由が丘,ym0230
Ｔ横浜青葉店,ym0204
Ｙ家住横浜泉店,ym0226
Ｙ家住松戸本店,ym1042
Ｔ戸塚店,ym1081
Ｙ家住鹿児島本店,ym0502
Ｔ札幌発寒店,ym0221
Ｔ熊本本店,ym0162
Ｙ家住長野ＳＢＣ通り,ym1022
Ｔ水戸本店,ym0216
Ｔ川崎店,ym0201
ＬＡＢＩ吉祥寺,ym1002
Ｙ家住大宮宮前本店,ym0456
Ｔ平和台駅前店,ym0809
Ｙ家住熊本春日店,ym0153
Ｙ家住堺本店,ym0242
Ｔ東京本店,ym0159
Ｙ家住盛岡本店,ym0298
ＴＮｅｗ米子店,ym0181
Ｙ家住札幌清田店,ym0222
Ｙ家住北九州八幡店,ym0187
Ｂ長崎夢彩都店,ym2129
Ｔ金沢本店,ym0101
ＣＯＮＣＥＰＴＬ東京,ym3050
Ｔニトリモール相模原,ym1298
Ｔ西宮甲子園店,ym0381
Ｔ青森本店,ym0251
Ｔ旭川大雪通店,ym0344
ＴＮｅｗ八王子別所店,ym0120
Ｙ家住岡崎本店,ym0151
Ｙ家住広島福山店,ym0213
Ｙ家住加古川本店,ym0552
ＴＮｅｗ宮崎花ヶ島本,ym1016
Ｔ鹿児島北店,ym0503
Ｙ家住ＣＧ川崎幸店,ym1092
ＴＮｅｗ蘇我本店,ym0345
Ｔ久喜店,ym0070
Ｔ厚木店,ym0164
Ｙ家住大分わさだ本店,ym0590
Ｔ福岡賀茂本店,ym0191
ＴニトリＭＮｅｗ枚方,ym0994
Ｔ南行徳店,ym0245
Ｂイオン那覇店,ym2162
Ｔ宇都宮本店,ym0208
ＴＮｅｗ横須賀店,ym0812
Ｔ城南ＰＣ館,ym0237
Ｙ家住幕張本店,ym0287
Ｙ家住三郷店,ym0373
Ｔ綾川店,ym1012
Ｔ熊谷本店,ym0332
Ｔ八戸店,ym0253
Ｙ家住神戸本店,ym0249
Ｙ家住仙台泉本店,ym0114
Ｔ佐賀本店,ym0207
Ｔ狭山店,ym0380
Ｔ錦糸町店,ym3025
Ｔ練馬店,ym0258
Ｙ家住名古屋本店,ym0192
Ｔ星ヶ丘店,ym0256
Ｂ都城店,ym2156
Ｙ家住松本本店,ym0102
Ｔ佐世保本店,ym0197
Ｔ磯子店,ym0843
Ｙ家住新潟錦町本店,ym0484
Ｂ岡山本店,ym2171
Ｙ家住松山問屋町本店,ym1049
Ｙ家住横浜金沢店,ym0811
ＴＮｅｗ湯沢店,ym0377
Ｙ家住岐阜本店,ym0241
Ｔ千葉本店,ym0227
ＴＮｅｗ筑紫野基山店,ym1019
ＢＴ日吉東急店,ym2182
Ｔアルパーク前店,ym0173
ＴＮｅｗ葛西店,ym1122
Ｂ光の森店,ym2147
Ｙ家住上田本店,ym0080
Ｔ京都吉祥院店,ym0293
ＴＮｅｗ前橋本店,ym0002
Ｔ札幌月寒店,ym0365
Ｔ大泉学園店家電館,ym0118
Ｔ平塚店,ym0170
Ｔ向ヶ丘店,ym0815
Ｔ札幌本店,ym1038
Ｙ家住高知本店,ym1031
Ｔ八代店,ym0327
Ｂ武雄店,ym2125
Ｔ川口店,ym0214
Ｔ府中店,ym0817
Ｔ伊勢崎店,ym0082
Ｔ足立店,ym0233
Ｙ家住駒生店,ym0265
Ｂイオン南風原店,ym2163
Ｔ那覇本店,ym1054
Ｙ家住鴨宮店,ym0800
Ｔ松山本店,ym0168
Ｔ札幌苗穂店,ym0458
Ｔ徳島本店,ym0464
Ｔ上平塚店,ym0846
Ｙ家住新山下店,ym1035
ＳＤサンチカ,ym0606
Ｔ弘前店,ym0271
ＢＴアイシティ松本店,ym2187
Ｔビバホーム豊洲店,ym3060
Ｔ稲城若葉台店,ym3026
Ｔ船橋店,ym0203
Ｔ久留米中央店,ym0198
Ｂ福岡本店,ym2051
Ｔ宇都宮南店,ym0352
Ｔ狛江店,ym3047
ＴＮｅｗ草加店,ym1194
Ｔ高槻大塚本店,ym0312
Ｙ家住柏店,ym0250
Ｔ下関店,ym0266
九州Ｔ姶良店,ym0951
Ｙ家住浦和埼大通り店,ym0816
Ｔ館山店,ym0457
Ｙ家住秋田本店,ym0247
Ｔ京都醍醐店,ym0217
Ｔ苫小牧本店,ym1041
Ｂ久留米本店,ym2107
Ｔ鹿屋店,ym0504
Ｔ多賀城店,ym0368
Ｔ上越店,ym0264
Ｔ新都城店,ym0116
Ｔ春日店,ym1114
Ｙ家住高松春日店,ym0220
ＴＮｅｗ市川本八幡店,ym3042
Ｔ郡山本店,ym1030
Ｔ東岡山店,ym0992
Ｔ苫小牧店,ym0289
Ｙ家住Ｎｅｗ奈良本店,ym0316
Ｙ家住富山金泉寺本店,ym1039
Ｙ家住姫路本店,ym0339
Ｔ福島店,ym0234
Ｔ大館店,ym0463
Ｔ名古屋千種店,ym1239
Ｔ静岡店,ym0223
ＴＮｅｗ仙台青葉店,ym0285
ＳＤＴ竜野店,ym0598
ＢＴ札幌北３３条店,ym2204
Ｔ広島八木店,ym0255
ＢＮｅｗ太宰府店,ym2063
Ｙ家住長岡店,ym0048
Ｔヨーカドー茅ヶ崎店,ym0818
ＢＮｅｗ伊都店,ym2066
Ｔ山梨中央店,ym1007
Ｂ高知本店,ym2517
Ｔ山形本店,ym0252
Ｔ岡山本店,ym0129
Ｙ家住入間店,ym0108
Ｔ長野南店,ym0200
Ｙ家住和泉中央本店,ym1033
Ｂヤオ秩父店,ym2587
ＴＮｅｗ藤岡店,ym0261
ＴＮｅｗ大和深見店,ym0801
Ｂイオン具志川店,ym2165
Ｙ家住座間店,ym0804
Ｔ門司店,ym0382
Ｔ札幌琴似店,ym0451
Ｔ宮崎本店,ym0100
Ｔ亀田店,ym0308
Ｔ江戸川店,ym0215
Ｙ家住函館本店,ym1023
Ｔ住之江店,ym0311
ＴＮｅｗ野並店,ym0128
ＴＮｅｗ江東新砂店,ym0602
Ｔ大阪野田店,ym0209
ＳＤＴ芦屋店,ym0588
Ｔ新宮店,ym0177
Ｙ家住野々市店,ym0089
ＴＮｅｗ岡南本店,ym1074
Ｔ上山店,ym0813
Ｔ久留米店,ym0166
Ｔ上尾店,ym3041
Ｔ四日市店,ym0186
Ｔ松江店,ym0369
Ｔ札幌南川沿店,ym1044
ＴＮｅｗ弘前神田店,ym3014
Ｔ佐野店,ym1073
Ｔおゆみ野店,ym1004
Ｂ玉名店,ym2144
Ｔ久里浜店,ym0820
Ｔ千歳店,ym0378
Ｔ北九州小倉店,ym0210
ＴＮｅｗ横手店,ym0278
九州Ｔ薩摩川内店,ym0952
Ｔ新潟関新店,ym0055
Ｔ札幌厚別店,ym0326
Ｔ大和店,ym0206
Ｔ小山店,ym0280
Ｔ五所川原エルム店,ym0309
Ｔ流山店,ym3034
Ｔ藤枝店,ym3044
Ｔ北本店,ym0355
Ｔ浜松中央店,ym0270
九州Ｔ奄美店,ym0955
Ｔ海老名店,ym0239
Ｔ富山山室店,ym0068
ＴＮｅｗ寝屋川店,ym0325
Ｔ仙台太白店,ym1161
Ｔ草津栗東店,ym0189
Ｂ小倉南店,ym2210
Ｔ山口本店,ym0174
Ｔ仙台南店,ym0263
Ｔ富士店,ym0277
Ｔ仙台富谷店,ym3045
ＴＮｅｗ出雲店,ym0182
Ｔ橿原店,ym0359
ＴＮｅｗ成田店,ym1173
Ｔ豊見城店,ym0581
Ｔ大宮店,ym0808
九州Ｔ中津店,ym0969
ＴＮｅｗ福井本店,ym0090
ＢＮｅｗ別府店,ym2096
九州Ｔ三光店,ym0963
Ｔ東久留米野火止店,ym1052
Ｔ周南店,ym0212
Ｔ高岡店,ym0202
Ｔ石巻店,ym0482
ＳＤＴ豊岡店,ym0604
九州Ｔ人吉店,ym0959
Ｔいわき店,ym0235
Ｔ帯広店,ym0305
Ｔ半田店,ym0317
Ｔ古河店,ym0469
Ｔ神戸和田岬店,ym0272
ＢＮｅｗ中津店,ym2095
Ｔ高知店,ym0185
Ｔ豊橋店,ym0346
Ｔ西神戸店,ym1009
九州Ｔ山鹿店,ym0958
Ｔ桑名店,ym0291
Ｙ家住みどり店,ym0014
Ｂ西原インター店,ym2169
Ｔむつ店,ym1010
ＹＭ川口樹モール店,ym0852
ＴＮｅｗ郡山南店,ym0146
ＴＮｅｗ神戸垂水本店,ym1058
Ｔイオン港南台店,ym3058
ＢＮｅｗ南長崎店,ym2130
Ｔ三原店,ym1018
Ｔ伊那店,ym0067
九州Ｔ谷山店,ym0954
ＢＮｅｗ八女店,ym2111
Ｔ国分店,ym0505
Ｔ金沢大桑店,ym0350
Ｔ徳島藍住店,ym0338
九州Ｔ加世田店,ym0953
Ｔ仙台東店,ym0257
Ｔ大分本店,ym0160
九州Ｔ出水店,ym0965
Ｔ京都伏見店,ym1083
ＢＮｅｗ春日店,ym2061
Ｔ豊中店,ym3046
Ｙ家住旭川店,ym0225
Ｔ北上店,ym0383
Ｔ京都八幡店,ym0172
Ｔ船橋本店,ym0248
Ｔ宗像店,ym0376
Ｙ家住守山店,ym0385
ＭＡＴ逆瀬川店,ym0054
ＢＴ二俣川店,ym2184
ＭＡイオン長沼店,ym0119
Ｔ青森三好店,ym1268
Ｔ徳島松茂店,ym1057
Ｂ山口店,ym2213
Ｔ柏崎店,ym0465
Ｔ時津店,ym0374
Ｔ盛岡北店,ym1066
Ｔ札幌白石店,ym1247
Ｂ小倉本店,ym2074
Ｙ家住川越店,ym3022
ＴＮｅｗ北見店,ym0315
Ｙ家住ＳＳひたちなか,ym1371
ＭＡＴ金岡店,ym0044
ＭＡ吹田イオン店,ym0032
Ｔ掛川店,ym1047
ＴＮｅｗ石岡店,ym0297
Ｔ大津打出浜店,ym3056
ＴＮｅｗ小松店,ym0096
Ｔ安城店,ym1068
Ｔ桜井店,ym1040
ＭＡＴ坂本店,ym0051
ＴＮｅｗつくばみらい,ym1045
ＴＮｅｗ太田飯田町店,ym0015
Ｔ函館店,ym0260
Ｔふじみ野店,ym1251
Ｔ本庄店,ym0027
Ｔ沼田店,ym0036
Ｔサンシャイン神戸店,ym0551
Ｔフォレオ青梅店,ym3052
Ｔ別府駅前店,ym0321
Ｔ倉敷玉島店,ym3033
Ｔ大津玉野浦店,ym3054
Ｂはません店,ym2143
Ｔ福井大和田店,ym0281
九州Ｔ宇佐店,ym1283
Ｔイオン板橋前野店,ym3057
Ｔ鹿島店,ym0268
ＳＤＴＮｅｗ淡路店,ym0591
ＭＡＴ六地蔵店,ym0050
Ｔ長野本店,ym0152
Ｔ岩見沢店,ym0357
Ｔ佐沼店,ym0466
Ｔ泉大津店,ym0337
Ｔ大洲店,ym1037
Ｔ八千代店,ym0395
Ｔ新座店,ym0364
Ｔ西友花小金井店,ym3061
ＴＮｅｗ春日井店,ym0229
Ｔ長岡リップス旭岡店,ym3055
Ｔ具志川店,ym0580
Ｔ越前店,ym0279
Ｔ香芝店,ym0995
Ｙ家住釧路店,ym1097
九州Ｔ玉名店,ym1190
ＴＮｅｗ富山婦中本店,ym0454
Ｔ鳥取店,ym0178
Ｂイオン北谷店,ym2167
Ｔ山梨本店,ym0199
Ｔ岡谷店,ym0333
Ｔ足利店,ym0322
Ｔ大津堅田店,ym0450
ＤＴ厚木店,ym0821
ＴＮｅｗ酒田店,ym0288
ＴＮｅｗ帯広西五条店,ym3017
Ｔ西友上野芝店,ym3059
Ｂ熊本本店,ym2138
Ｙ家住新南陽店,ym1372
ＴＮｅｗ甲府店,ym0117
Ｔ天童店,ym3036
ＢＮｅｗ西新店,ym2054
Ｔ四街道店,ym3028
ＢＴＮｅｗ日田店,ym2116
Ｔ一宮店,ym0184
ＢＡプラザ大分駅南店,ym2219
Ｔ秦野店,ym0190
Ｔ今福東店,ym0341
Ｔ沼津店,ym0356
Ｔ和歌山店,ym0284
Ｂ八幡本店,ym2081
Ｔ小倉本店,ym0282
Ｔ大村店,ym0329
九州Ｔ島原店,ym0966
Ｂ香椎本店,ym2059
Ｂゆめシティ下関本店,ym2105
Ｔ福山西店,ym0349
ＴＮｅｗ鳥取東店,ym3019
ＳＤＴ赤穂店,ym0603
Ｔ南越谷店,ym1162
Ｔ龍ヶ崎店,ym0396
Ｂイオン名護店,ym2166
Ｔかほく店,ym1025
ＭＡおおとり店,ym0042
Ｔ千葉ニュータウン店,ym0323
Ｙホールセールつくば,ym0238
ＴＮｅｗ高松レインボ,ym0143
ＭＡ京橋イオン店,ym0025
Ｂ北熊本店,ym2141
ＴＮｅｗ神栖店,ym1263
ＭＡ西神中央店,ym0053
Ｔ西条店,ym0384
Ｔ飯塚店,ym0392
Ｔ川口本店,ym0387
Ｔ福知山店,ym1011
Ｔ岐阜長良店,ym0167
Ｔ有松インター店,ym0353
Ｔ野田店,ym0367
ＢＳモール中間店,ym2089
Ｔ滝川店,ym0483
Ｂ天久店,ym2161
Ｔ田川店,ym0314
Ｔ鈴鹿店,ym0360
Ｔ宝塚店,ym0388
Ｔ東大和店,ym1093
九州Ｔ大牟田南店,ym0960
Ｔ江南店,ym0330
ＭＡ阪急伊丹店,ym1405
Ｂ宇土シティモール店,ym2222
ＴＮｅｗ鶴岡店,ym0267
Ｔ松阪店,ym0306
ＢＮｅｗ飯塚店,ym2086
Ｙ家住浜松本店,ym0205
九州Ｔ八女店,ym0980
Ｔ豊田東新店,ym1248
Ｔ和歌山橋本店,ym0361
ＴＮｅｗ砺波店,ym0262
ＴＮｅｗ大垣店,ym0335
Ｔ伊勢店,ym0452
ＭＡ上飯田店,ym0066
ＭＡ塚口店,ym1413
Ｂ川沿店,ym2206
Ｔ大河原店,ym0460
Ｔ三条店,ym0043
Ｔ大田原店,ym0275
Ｔ清水店,ym0987
Ｔ長浜店,ym0390
ＭＡＴ小牧応時店,ym0085
九州Ｔ苅田店,ym1224
Ｔ丸亀店,ym0358
Ｔ戸田美女木店,ym0147
Ｔ米沢店,ym0292
Ｔ和歌山岩出店,ym0286
Ｔ須賀川店,ym0857
Ｔひたちなか店,ym0295
Ｙ家住つくば研究学園,ym1271
Ｔ佐久本店,ym0037
ＢＴ苫小牧駅前店,ym2209
Ｂ延岡店,ym2158
Ｔ日向店,ym0183
ＴＮｅｗ彦根店,ym0555
ＭＡ稲毛店,ym0125
Ｔ蒲郡店,ym1063
ＴイオンＮｅｗ小樽店,ym1014
Ｔ岩国店,ym0375
Ｔ下関長府店,ym0370
Ｔ東松山店,ym0324
九州Ｔ行橋店,ym0964
Ｔ知立店,ym3030
ＭＡあびこ店,ym0622
Ｙ家住木更津請西本店,ym1048
Ｔ恒久店,ym1219
Ｔ岩槻店,ym0113
Ｔ児島店,ym0462
Ｔ浦和店,ym0149
Ｔ北茨城店,ym1034
Ｔ福島南店,ym1275
九州Ｔ霧島店,ym0950
Ｔ白河店,ym1062
Ｔ名張店,ym0467
Ｔ伊東店,ym0611
Ｔ磐田店,ym1095
Ｔいわき平店,ym0461
Ｔ各務原店,ym0342
Ｔ釧路店,ym0310
Ｔ今治店,ym0328
Ｔ筑紫野店,ym0175
ＭＡＴ東海店,ym0088
Ｔ日立店,ym0302
Ｔ鶴見店,ym0449
Ｔ武蔵村山店,ym0806
Ｔ長久手店,ym1265
Ｔ北伊丹店,ym0351
ＭＡ豊川店,ym0093
Ｔ東大阪店,ym0318
Ｔ可児店,ym0362
Ｂ佐世保本店,ym2131
ＭＡフィール旭川店,ym0424
Ｔ鳥栖店,ym1204
ＢＴ深谷店,ym2197
Ｔ宇部店,ym0319
ＭＡ長吉イオン店,ym1410
Ｔイオン名古屋東店,ym1249
Ｔ昭島店,ym1270
Ｔ富士宮店,ym0340
Ｔ西尾店,ym3027
ＭＡＴ石狩店,ym0157
九州Ｔ天草店,ym0957
Ｔ会津若松店,ym0320
Ｔ瑞浪店,ym0986
Ｔ千曲店,ym1297
Ｔ水口店,ym1225
Ｔ宇和島店,ym0982
Ｔ八王子高尾店,ym3048
Ｂ八幡西店,ym2078
Ｔ佐賀南部ＢＰ店,ym0961
Ｔ坂東岩井店,ym1281
Ｔレミィ町田店,ym0802
Ｔ浦和美園店,ym3035
Ｔ防府店,ym0347
ＢＴ狭山富士見店,ym2196
Ｂ伊万里店,ym2123
Ｔ豊川店,ym0188
九州Ｔ八代インター店,ym0956
Ｔ茅野店,ym0077
Ｔ武豊店,ym3001
Ｔ新稲沢店,ym0144
ＢＴ小金井店,ym2191
Ｔ日進店,ym0122
Ｔ加須店,ym1131
Ｂ筑紫野店,ym2064
Ｔ指宿店,ym1291
Ｔ大泉ＰＣ館,ym0219
Ｔ高崎北菅谷店,ym1257
Ｔ五泉店,ym1078
Ｔ館林店,ym0018
Ｔ柏沼南店,ym0331
津店,ym0274
Ｔ水沢店,ym0398
Ｔ輪島店,ym0379
Ｔ岩沼店,ym1284
Ｔ室蘭店,ym1110
Ｔ津山店,ym1001
Ｔ直方店,ym1065
Ｔ大仙店,ym0397
Ｔ新潟西店,ym1287
Ｔ東金店,ym1076
Ｂ旭川店,ym2199
Ｔ七尾店,ym0091
ＭＡ豊新店,ym0020
Ｔ湯河原店,ym0610
Ｔ相模原店,ym0141
九州Ｔ種子島店,ym1132
ＭＡ江別店,ym0196
Ｔ大泉店,ym1294
Ｔ大阪りんくう店,ym0313
ＴＮｅｗ小牧店,ym0158
ＭＡ学園前店,ym1414
ＭＡ三加茂店,ym0107
Ｔ八街店,ym1178
ＭＡ越谷店,ym0135
Ｔ伊賀店,ym1008
Ｔ塩尻店,ym0276
Ｔ東川口店,ym0443
Ｔ和歌山北店,ym3029
Ｔ福山北店,ym1129
Ｔ六日町店,ym0040
Ｔ富士吉田店,ym1189
Ｔ修善寺店,ym0613
Ｔ瀬戸店,ym0283
Ｂ行橋店,ym2085
Ｔ行田店,ym1295
九州Ｔ甘木インター店,ym0968
ＴＮｅｗ筑西店,ym0290
Ｔ倉敷神田店,ym1055
ＢＳプラザ横須賀店,ym2183
Ｔ三沢店,ym1146
ＭＡ八戸ノ里店,ym0035
Ｔ富里インター店,ym0127
ＭＡ小豆島店,ym0099
Ｙホールセール神戸北,ym3037
Ｔ久御山店,ym1185
Ｔ那須塩原店,ym1254
Ｔ三木店,ym0981
Ｔ高槻店,ym0195
Ｔ広島安芸坂店,ym0294
ＭＡＴ高蔵寺店,ym0083
九州Ｔ伊万里店,ym1267
ＦＣカワムラ榛原店,ym1407
Ｔ東近江店,ym1106
Ｔ二戸店,ym1168
ＭＡ南流山店,ym0130
Ｔ加賀店,ym1024
ＴＮｅｗ富岡店,ym0024
Ｔ淀川店,ym0336
Ｔ新庄店,ym0296
Ｔ上郡店,ym1252
Ｔ延岡店,ym1290
Ｔ大牟田店,ym0273
Ｂ久留米南店,ym2108
Ｂ小川店,ym2150
ＴＮｅｗ寒河江店,ym1105
九州Ｔ枕崎店,ym1160
ＢＴ千城台店,ym2192
ＭＡ千歳店,ym0244
Ｔ福島原町店,ym1056
Ｔ伊達店,ym1292
Ｔ新発田店,ym0303
九州Ｔ伊佐店,ym1172
Ｔ下呂店,ym1082
Ｂ宗像バイパス店,ym2068
Ｔ栃木店,ym0304
Ｔ倶知安店,ym1212
Ｔ十和田店,ym1240
Ｂ小林店,ym2159
Ｔいなべ店,ym1111
Ｔ塩釜店,ym1278
Ｔうきは吉井店,ym3023
Ｂ直方店,ym2088
Ｔ呉店,ym1223
Ｔ羽生店,ym1169
Ｔ境港店,ym1096
ＢＴ溝の口店,ym2185
Ｂ東バイパス店,ym2139
Ｔ唐津店,ym0307
Ｔ飯田店,ym0104
Ｔ鹿沼店,ym1183
ＢＴ浜田港町店,ym2173
Ｂマリナ通店,ym2058
九州Ｔ臼杵店,ym1209
ＢサンロードＣ熊本店,ym2140
ＢＴイオン所沢店,ym2194
ＢＴイオン和泉府中店,ym2221
Ｂ大牟田ゆめＴ店,ym2113
九州Ｔ伊集院店,ym1167
Ｔ一関店,ym1141
Ｔ銚子店,ym1124
ＴＮｅｗ花巻店,ym1088
中四国Ｔ徳島美馬店,ym0493
Ｔ茂原店,ym1179
Ｔ大田糀谷店,ym0438
Ｙアウトレット近江店,ym1524
Ｔ古川店,ym0299
Ｔイオン鴻池店,ym3049
Ｔ気仙沼松川前店,ym3010
Ｔ能代店,ym1210
Ｔ小林店,ym0970
Ｔ常滑店,ym1243
Ｔ山形南店,ym1059
ＢＴ坂出店,ym2177
Ｔ萩店,ym0455
ＴＮｅｗ相馬店,ym1077
Ｔにかほ店,ym1238
Ｔ穂高店,ym0254
ＢＴＮｅｗ佐伯店,ym2097
Ｔ長井店,ym0453
Ｂ水俣店,ym2447
Ｔ姫路店,ym0161
Ｔ見附店,ym1145
Ｔ八幡西店,ym3020
Ｔ佐伯店,ym1070
Ｂ高鍋店,ym2160
Ｂ多良見店,ym2135
Ｂ時津店,ym2137
ＢＴＡカワトク店,ym2198
Ｔ浦添店,ym1017
Ｂ長崎本店,ym2128
九州Ｔ杵築店,ym1144
Ｔ備後府中店,ym1163
Ｂ高城店,ym2093
Ｔ村上店,ym1123
Ｔ箕輪店,ym1261
Ｂ志免店,ym2069
Ｔ宮古店,ym3016
九州Ｔ阿蘇店,ym1188
Ｔ山崎店,ym1216
Ｔ田辺店,ym3002
Ｔ小矢部店,ym1136
Ｔ観音寺店,ym1064
Ｔ真岡店,ym0269
Ｔ諫早店,ym1043
Ｔ駒形バイパス店,ym1036
Ｔ中野店,ym0056
Ｔダイエー赤羽店,ym3053
Ｔ網走店,ym1138
Ｔ高鍋店,ym1159
Ｔ浜北店,ym1211
ＢＴ松江学園南店,ym2214
Ｔ軽井沢店,ym1255
Ｔ魚津店,ym0094
Ｂ柳川店,ym2115
Ｔ柳川店,ym1079
Ｔ西友大森店,ym3051
Ｂ鳥栖店,ym2117
Ｔ幸田店,ym1299
Ｔ飯山店,ym1199
Ｔ秋田御所野店,ym1053
Ｔ美唄店,ym1262
Ｔ玉野店,ym1118
Ｂ前原店,ym2067
Ｔ世羅店,ym1086
Ｔ小千谷店,ym1153
Ｔ西蒲店,ym1228
Ｔ鹿島井手店,ym1288
Ｂ美里店,ym2164
九州Ｔ菊池店,ym1119
Ｔ羽島店,ym1180
Ｔ常陸大宮店,ym0394
Ｔ恵庭店,ym3015
Ｔ高前ＢＰ店,ym0011
Ｔ南砺店,ym1156
Ｔ多気店,ym1250
Ｂ宇部東店,ym2104
Ｔ柳井店,ym1091
Ｔ佐渡店,ym1176
Ｔ入善店,ym1234
Ｔ吉野川店,ym1103
Ｔ花園インター店,ym3043
Ｔ渋川店,ym0074
ＴＫ名古屋１号店,ym1557
Ｔ大分皆春店,ym0371
ＭＡ遠軽店,ym0426
Ｔ阿久根店,ym1102
Ｔ中之条店,ym1264
高知須崎店,ym0577
Ｔ紫波店,ym1220
ＢＮｅｗ宇部店,ym2103
Ｂ大村店,ym2218
Ｔ敦賀店,ym1094
Ｔ射水店,ym0301
Ｔ胎内店,ym1148
Ｔ市原店,ym0156
Ｔ広陵店,ym3007
Ｔ京丹後店,ym1113
Ｂ西伊豆店,ym2188
Ｔ宮古島店,ym1230
Ｔ横芝光店,ym3039
Ｔ大町店,ym1098
Ｔ加西店,ym1026
Ｔ倉吉店,ym1085
Ｔ名古屋港店,ym3040
Ｔ益子店,ym1157
ＢＮｅｗ日南店,ym2155
Ｔ十日町店,ym1177
Ｔ氷見店,ym1222
Ｔ角館店,ym1147
高知旭店,ym0571
高知安芸店,ym0576
Ｔ大船渡店,ym1087
Ｔみえ朝日店,ym1137
Ｔ駒ケ根店,ym1193
ＭＡ北山店,ym0047
ＭＡ東郷店,ym0092
Ｔ新居浜店,ym0343
高知佐川店,ym0573
高知土佐店,ym0574
高知四万十店,ym0575
西予店,ym0578
Ｔえびの店,ym1067
Ｔ遠野店,ym1069
Ｔ串間店,ym1071
ＴＮｅｗ東根店,ym1075
Ｔ日南店,ym1099
Ｔ名寄店,ym1109
Ｔ鹿角店,ym1116
Ｔ岡垣店,ym1120
Ｔ豊後高田店,ym1125
Ｔ大和吉田店,ym1126
Ｔ五香店,ym0561
Ｔ瀬戸内店,ym1128
Ｔ安中店,ym0021
Ｔ黒石店,ym1140
Ｔ長門店,ym1142
Ｔ八潮店,ym0142
Ｔ篠山店,ym1149
Ｔ阿知須店,ym1151
Ｔ宿毛店,ym1152
Ｔさくら店,ym1127
Ｔ井原店,ym1171
Ｔ妙高店,ym1134
Ｔ大網白里店,ym1143
Ｔ益田店,ym1186
Ｔ宇都宮テクノ店,ym1182
Ｔ上峰店,ym1196
Ｔ曽於末吉店,ym1198
Ｔ壬生店,ym1200
Ｔ滑川店,ym1201
Ｔ鴨川店,ym1203
Ｔ船引店,ym1206
Ｔ高梁店,ym1207
Ｔ東広島店,ym1208
Ｔ多久店,ym1214
Ｔ玖珂店,ym1218
Ｔ北広島店,ym1221
Ｔ那須鳥山店,ym1276
Ｔ中津川店,ym1231
Ｔ羽咋店,ym1232
Ｔ熊野店,ym1235
Ｔ山形上山店,ym1236
Ｔ大田店,ym1241
ＴグリーンＭ中曽根店,ym1256
Ｔ宇部東見初店,ym1259
Ｔ遠田美里店,ym1269
Ｔ舞鶴店,ym1273
ＢＴイオン新浦安店,ym2193
Ｔ福間駅前店,ym1277
Ｔ本宮店,ym1279
Ｔ西都店,ym1285
Ｔ有田川店,ym1286
ＤＥＰＯツクモ札幌駅,ym1558
Ｂ博多南店,ym2060
Ｂ戸畑店,ym2082
ＢＮｅｗ八代店,ym2146
Ｂ宮崎西店,ym2153
Ｂイオン読谷店,ym2168
ＢＴマルナカ徳島店,ym2178
Ｔ伊勢崎東店,ym3008
Ｂ函館店,ym2207
Ｔ名護店,ym3004
Ｔ東大阪新家店,ym3038
